0.855340152	/bert_weights/bertbase_basevocab_cased.tar.gz	data/ner/bc5cdr/dev.txt
0.857157485	/bert_weights/bertbase_basevocab_cased.tar.gz	data/ner/bc5cdr/dev.txt
0.859050896	/bert_weights/bertbase_basevocab_cased.tar.gz	data/ner/bc5cdr/dev.txt
0.862629846	/bert_weights/bertbase_basevocab_uncased.tar.gz	data/ner/bc5cdr/dev.txt
0.863574005	/bert_weights/bertbase_basevocab_uncased.tar.gz	data/ner/bc5cdr/dev.txt
0.867882359	/bert_weights/bertbase_basevocab_uncased.tar.gz	data/ner/bc5cdr/dev.txt
0.878811171	/bert_weights/biobert_pmc_basevocab_cased.tar.gz	data/ner/bc5cdr/dev.txt
0.877710233	/bert_weights/biobert_pmc_basevocab_cased.tar.gz	data/ner/bc5cdr/dev.txt
0.877999393	/bert_weights/biobert_pmc_basevocab_cased.tar.gz	data/ner/bc5cdr/dev.txt
0.883509834	/bert_weights/biobert_pubmed_basevocab_cased.tar.gz	data/ner/bc5cdr/dev.txt
0.88194163	/bert_weights/biobert_pubmed_basevocab_cased.tar.gz	data/ner/bc5cdr/dev.txt
0.884619336	/bert_weights/biobert_pubmed_basevocab_cased.tar.gz	data/ner/bc5cdr/dev.txt
0.88485096	/bert_weights/biobert_pubmed_pmc_basevocab_cased.tar.gz	data/ner/bc5cdr/dev.txt
0.884219117	/bert_weights/biobert_pubmed_pmc_basevocab_cased.tar.gz	data/ner/bc5cdr/dev.txt
0.883559192	/bert_weights/biobert_pubmed_pmc_basevocab_cased.tar.gz	data/ner/bc5cdr/dev.txt
0.879688061	/bert_weights/s2bert_basevocab_cased_512.tar.gz	data/ner/bc5cdr/dev.txt
0.883128741	/bert_weights/s2bert_basevocab_cased_512.tar.gz	data/ner/bc5cdr/dev.txt
0.880571486	/bert_weights/s2bert_basevocab_cased_512.tar.gz	data/ner/bc5cdr/dev.txt
0.879110747	/bert_weights/s2bert_basevocab_uncased_512.tar.gz	data/ner/bc5cdr/dev.txt
0.880860876	/bert_weights/s2bert_basevocab_uncased_512.tar.gz	data/ner/bc5cdr/dev.txt
0.882983588	/bert_weights/s2bert_basevocab_uncased_512.tar.gz	data/ner/bc5cdr/dev.txt
0.888324357	/bert_weights/s2bert_s2vocab_cased_512.tar.gz	data/ner/bc5cdr/dev.txt
0.891523354	/bert_weights/s2bert_s2vocab_cased_512.tar.gz	data/ner/bc5cdr/dev.txt
0.888381995	/bert_weights/s2bert_s2vocab_cased_512.tar.gz	data/ner/bc5cdr/dev.txt
0.892209825	/bert_weights/s2bert_s2vocab_uncased_512.tar.gz	data/ner/bc5cdr/dev.txt
0.889013282	/bert_weights/s2bert_s2vocab_uncased_512.tar.gz	data/ner/bc5cdr/dev.txt
0.890381217	/bert_weights/s2bert_s2vocab_uncased_512.tar.gz	data/ner/bc5cdr/dev.txt
0.739590146	/bert_weights/bertbase_basevocab_cased.tar.gz	data/ner/JNLPBA/dev.txt
0.745642315	/bert_weights/bertbase_basevocab_cased.tar.gz	data/ner/JNLPBA/dev.txt
0.744463556	/bert_weights/bertbase_basevocab_cased.tar.gz	data/ner/JNLPBA/dev.txt
0.749492845	/bert_weights/bertbase_basevocab_cased.tar.gz	data/ner/JNLPBA/dev.txt
0.749506471	/bert_weights/bertbase_basevocab_cased.tar.gz	data/ner/JNLPBA/dev.txt
0.740370511	/bert_weights/bertbase_basevocab_cased.tar.gz	data/ner/JNLPBA/dev.txt
0.74766153	/bert_weights/bertbase_basevocab_uncased.tar.gz	data/ner/JNLPBA/dev.txt
0.746728921	/bert_weights/bertbase_basevocab_uncased.tar.gz	data/ner/JNLPBA/dev.txt
0.749317313	/bert_weights/bertbase_basevocab_uncased.tar.gz	data/ner/JNLPBA/dev.txt
0.749125492	/bert_weights/bertbase_basevocab_uncased.tar.gz	data/ner/JNLPBA/dev.txt
0.754712869	/bert_weights/bertbase_basevocab_uncased.tar.gz	data/ner/JNLPBA/dev.txt
0.744062466	/bert_weights/bertbase_basevocab_uncased.tar.gz	data/ner/JNLPBA/dev.txt
0.754839058	/bert_weights/biobert_pmc_basevocab_cased.tar.gz	data/ner/JNLPBA/dev.txt
0.754299354	/bert_weights/biobert_pmc_basevocab_cased.tar.gz	data/ner/JNLPBA/dev.txt
0.760015472	/bert_weights/biobert_pmc_basevocab_cased.tar.gz	data/ner/JNLPBA/dev.txt
0.752829778	/bert_weights/biobert_pubmed_basevocab_cased.tar.gz	data/ner/JNLPBA/dev.txt
0.757794552	/bert_weights/biobert_pubmed_basevocab_cased.tar.gz	data/ner/JNLPBA/dev.txt
0.757131927	/bert_weights/biobert_pubmed_basevocab_cased.tar.gz	data/ner/JNLPBA/dev.txt
0.756146323	/bert_weights/biobert_pubmed_pmc_basevocab_cased.tar.gz	data/ner/JNLPBA/dev.txt
0.761506276	/bert_weights/biobert_pubmed_pmc_basevocab_cased.tar.gz	data/ner/JNLPBA/dev.txt
0.751992194	/bert_weights/biobert_pubmed_pmc_basevocab_cased.tar.gz	data/ner/JNLPBA/dev.txt
0.757104964	/bert_weights/s2bert_basevocab_cased_512.tar.gz	data/ner/JNLPBA/dev.txt
0.768043776	/bert_weights/s2bert_basevocab_cased_512.tar.gz	data/ner/JNLPBA/dev.txt
0.752173913	/bert_weights/s2bert_basevocab_cased_512.tar.gz	data/ner/JNLPBA/dev.txt
0.75563707	/bert_weights/s2bert_basevocab_cased_512.tar.gz	data/ner/JNLPBA/dev.txt
0.760329682	/bert_weights/s2bert_basevocab_cased_512.tar.gz	data/ner/JNLPBA/dev.txt
0.756437592	/bert_weights/s2bert_basevocab_cased_512.tar.gz	data/ner/JNLPBA/dev.txt
0.763146458	/bert_weights/s2bert_basevocab_uncased_512.tar.gz	data/ner/JNLPBA/dev.txt
0.75614921	/bert_weights/s2bert_basevocab_uncased_512.tar.gz	data/ner/JNLPBA/dev.txt
0.763176619	/bert_weights/s2bert_basevocab_uncased_512.tar.gz	data/ner/JNLPBA/dev.txt
0.75317456	/bert_weights/s2bert_basevocab_uncased_512.tar.gz	data/ner/JNLPBA/dev.txt
0.765277172	/bert_weights/s2bert_basevocab_uncased_512.tar.gz	data/ner/JNLPBA/dev.txt
0.755237941	/bert_weights/s2bert_basevocab_uncased_512.tar.gz	data/ner/JNLPBA/dev.txt
0.759989068	/bert_weights/s2bert_s2vocab_cased_512.tar.gz	data/ner/JNLPBA/dev.txt
0.757722165	/bert_weights/s2bert_s2vocab_cased_512.tar.gz	data/ner/JNLPBA/dev.txt
0.761348756	/bert_weights/s2bert_s2vocab_cased_512.tar.gz	data/ner/JNLPBA/dev.txt
0.761335868	/bert_weights/s2bert_s2vocab_cased_512.tar.gz	data/ner/JNLPBA/dev.txt
0.760142349	/bert_weights/s2bert_s2vocab_cased_512.tar.gz	data/ner/JNLPBA/dev.txt
0.756343561	/bert_weights/s2bert_s2vocab_cased_512.tar.gz	data/ner/JNLPBA/dev.txt
0.757077379	/bert_weights/s2bert_s2vocab_uncased_512.tar.gz	data/ner/JNLPBA/dev.txt
0.762583617	/bert_weights/s2bert_s2vocab_uncased_512.tar.gz	data/ner/JNLPBA/dev.txt
0.756826908	/bert_weights/s2bert_s2vocab_uncased_512.tar.gz	data/ner/JNLPBA/dev.txt
0.761612621	/bert_weights/s2bert_s2vocab_uncased_512.tar.gz	data/ner/JNLPBA/dev.txt
0.751603341	/bert_weights/s2bert_s2vocab_uncased_512.tar.gz	data/ner/JNLPBA/dev.txt
0.757549424	/bert_weights/s2bert_s2vocab_uncased_512.tar.gz	data/ner/JNLPBA/dev.txt
0.858471074	/bert_weights/bertbase_basevocab_cased.tar.gz	data/ner/NCBI-disease/dev.txt
0.856107661	/bert_weights/bertbase_basevocab_cased.tar.gz	data/ner/NCBI-disease/dev.txt
0.849772382	/bert_weights/bertbase_basevocab_cased.tar.gz	data/ner/NCBI-disease/dev.txt
0.859190988	/bert_weights/bertbase_basevocab_cased.tar.gz	data/ner/NCBI-disease/dev.txt
0.85031185	/bert_weights/bertbase_basevocab_cased.tar.gz	data/ner/NCBI-disease/dev.txt
0.855837564	/bert_weights/bertbase_basevocab_cased.tar.gz	data/ner/NCBI-disease/dev.txt
0.860226105	/bert_weights/bertbase_basevocab_uncased.tar.gz	data/ner/NCBI-disease/dev.txt
0.873326468	/bert_weights/bertbase_basevocab_uncased.tar.gz	data/ner/NCBI-disease/dev.txt
0.864107884	/bert_weights/bertbase_basevocab_uncased.tar.gz	data/ner/NCBI-disease/dev.txt
0.859793814	/bert_weights/bertbase_basevocab_uncased.tar.gz	data/ner/NCBI-disease/dev.txt
0.872933884	/bert_weights/bertbase_basevocab_uncased.tar.gz	data/ner/NCBI-disease/dev.txt
0.858037578	/bert_weights/bertbase_basevocab_uncased.tar.gz	data/ner/NCBI-disease/dev.txt
0.877897991	/bert_weights/biobert_pmc_basevocab_cased.tar.gz	data/ner/NCBI-disease/dev.txt
0.883625129	/bert_weights/biobert_pmc_basevocab_cased.tar.gz	data/ner/NCBI-disease/dev.txt
0.877138414	/bert_weights/biobert_pmc_basevocab_cased.tar.gz	data/ner/NCBI-disease/dev.txt
0.865335382	/bert_weights/biobert_pubmed_basevocab_cased.tar.gz	data/ner/NCBI-disease/dev.txt
0.874617737	/bert_weights/biobert_pubmed_basevocab_cased.tar.gz	data/ner/NCBI-disease/dev.txt
0.872242176	/bert_weights/biobert_pubmed_basevocab_cased.tar.gz	data/ner/NCBI-disease/dev.txt
0.878695209	/bert_weights/biobert_pubmed_pmc_basevocab_cased.tar.gz	data/ner/NCBI-disease/dev.txt
0.88166582	/bert_weights/biobert_pubmed_pmc_basevocab_cased.tar.gz	data/ner/NCBI-disease/dev.txt
0.874361594	/bert_weights/biobert_pubmed_pmc_basevocab_cased.tar.gz	data/ner/NCBI-disease/dev.txt
0.867654573	/bert_weights/s2bert_basevocab_cased_512.tar.gz	data/ner/NCBI-disease/dev.txt
0.882141019	/bert_weights/s2bert_basevocab_cased_512.tar.gz	data/ner/NCBI-disease/dev.txt
0.868986694	/bert_weights/s2bert_basevocab_cased_512.tar.gz	data/ner/NCBI-disease/dev.txt
0.86996904	/bert_weights/s2bert_basevocab_cased_512.tar.gz	data/ner/NCBI-disease/dev.txt
0.866261398	/bert_weights/s2bert_basevocab_cased_512.tar.gz	data/ner/NCBI-disease/dev.txt
0.859366892	/bert_weights/s2bert_basevocab_cased_512.tar.gz	data/ner/NCBI-disease/dev.txt
0.873657289	/bert_weights/s2bert_basevocab_uncased_512.tar.gz	data/ner/NCBI-disease/dev.txt
0.879795396	/bert_weights/s2bert_basevocab_uncased_512.tar.gz	data/ner/NCBI-disease/dev.txt
0.87073423	/bert_weights/s2bert_basevocab_uncased_512.tar.gz	data/ner/NCBI-disease/dev.txt
0.881687243	/bert_weights/s2bert_basevocab_uncased_512.tar.gz	data/ner/NCBI-disease/dev.txt
0.880829016	/bert_weights/s2bert_basevocab_uncased_512.tar.gz	data/ner/NCBI-disease/dev.txt
0.87889627	/bert_weights/s2bert_basevocab_uncased_512.tar.gz	data/ner/NCBI-disease/dev.txt
0.865671642	/bert_weights/s2bert_s2vocab_cased_512.tar.gz	data/ner/NCBI-disease/dev.txt
0.876219825	/bert_weights/s2bert_s2vocab_cased_512.tar.gz	data/ner/NCBI-disease/dev.txt
0.861096873	/bert_weights/s2bert_s2vocab_cased_512.tar.gz	data/ner/NCBI-disease/dev.txt
0.864424057	/bert_weights/s2bert_s2vocab_cased_512.tar.gz	data/ner/NCBI-disease/dev.txt
0.858018386	/bert_weights/s2bert_s2vocab_cased_512.tar.gz	data/ner/NCBI-disease/dev.txt
0.861522739	/bert_weights/s2bert_s2vocab_cased_512.tar.gz	data/ner/NCBI-disease/dev.txt
0.877498719	/bert_weights/s2bert_s2vocab_uncased_512.tar.gz	data/ner/NCBI-disease/dev.txt
0.882709808	/bert_weights/s2bert_s2vocab_uncased_512.tar.gz	data/ner/NCBI-disease/dev.txt
0.875770021	/bert_weights/s2bert_s2vocab_uncased_512.tar.gz	data/ner/NCBI-disease/dev.txt
0.871871872	/bert_weights/s2bert_s2vocab_uncased_512.tar.gz	data/ner/NCBI-disease/dev.txt
0.874936192	/bert_weights/s2bert_s2vocab_uncased_512.tar.gz	data/ner/NCBI-disease/dev.txt
0.876907426	/bert_weights/s2bert_s2vocab_uncased_512.tar.gz	data/ner/NCBI-disease/dev.txt
0.636390273	/bert_weights/bertbase_basevocab_cased.tar.gz	data/ner/sciie/dev.txt
0.621132516	/bert_weights/bertbase_basevocab_cased.tar.gz	data/ner/sciie/dev.txt
0.635811397	/bert_weights/bertbase_basevocab_cased.tar.gz	data/ner/sciie/dev.txt
0.622338874	/bert_weights/bertbase_basevocab_cased.tar.gz	data/ner/sciie/dev.txt
0.623630441	/bert_weights/bertbase_basevocab_cased.tar.gz	data/ner/sciie/dev.txt
0.637485311	/bert_weights/bertbase_basevocab_cased.tar.gz	data/ner/sciie/dev.txt
0.645007452	/bert_weights/bertbase_basevocab_uncased.tar.gz	data/ner/sciie/dev.txt
0.637980493	/bert_weights/bertbase_basevocab_uncased.tar.gz	data/ner/sciie/dev.txt
0.624682293	/bert_weights/bertbase_basevocab_uncased.tar.gz	data/ner/sciie/dev.txt
0.647903504	/bert_weights/bertbase_basevocab_uncased.tar.gz	data/ner/sciie/dev.txt
0.632955536	/bert_weights/bertbase_basevocab_uncased.tar.gz	data/ner/sciie/dev.txt
0.635861668	/bert_weights/bertbase_basevocab_uncased.tar.gz	data/ner/sciie/dev.txt
0.642033698	/bert_weights/biobert_pmc_basevocab_cased.tar.gz	data/ner/sciie/dev.txt
0.638734251	/bert_weights/biobert_pmc_basevocab_cased.tar.gz	data/ner/sciie/dev.txt
0.640793697	/bert_weights/biobert_pmc_basevocab_cased.tar.gz	data/ner/sciie/dev.txt
0.629285299	/bert_weights/biobert_pubmed_basevocab_cased.tar.gz	data/ner/sciie/dev.txt
0.643166715	/bert_weights/biobert_pubmed_basevocab_cased.tar.gz	data/ner/sciie/dev.txt
0.638888889	/bert_weights/biobert_pubmed_basevocab_cased.tar.gz	data/ner/sciie/dev.txt
0.644028103	/bert_weights/biobert_pubmed_pmc_basevocab_cased.tar.gz	data/ner/sciie/dev.txt
0.650220264	/bert_weights/biobert_pubmed_pmc_basevocab_cased.tar.gz	data/ner/sciie/dev.txt
0.643664485	/bert_weights/biobert_pubmed_pmc_basevocab_cased.tar.gz	data/ner/sciie/dev.txt
0.642362157	/bert_weights/s2bert_basevocab_cased_512.tar.gz	data/ner/sciie/dev.txt
0.656286044	/bert_weights/s2bert_basevocab_cased_512.tar.gz	data/ner/sciie/dev.txt
0.648538012	/bert_weights/s2bert_basevocab_cased_512.tar.gz	data/ner/sciie/dev.txt
0.654459539	/bert_weights/s2bert_basevocab_cased_512.tar.gz	data/ner/sciie/dev.txt
0.655058541	/bert_weights/s2bert_basevocab_cased_512.tar.gz	data/ner/sciie/dev.txt
0.650652432	/bert_weights/s2bert_basevocab_cased_512.tar.gz	data/ner/sciie/dev.txt
0.650756694	/bert_weights/s2bert_basevocab_uncased_512.tar.gz	data/ner/sciie/dev.txt
0.663922376	/bert_weights/s2bert_basevocab_uncased_512.tar.gz	data/ner/sciie/dev.txt
0.658303465	/bert_weights/s2bert_basevocab_uncased_512.tar.gz	data/ner/sciie/dev.txt
0.649712383	/bert_weights/s2bert_basevocab_uncased_512.tar.gz	data/ner/sciie/dev.txt
0.662492546	/bert_weights/s2bert_basevocab_uncased_512.tar.gz	data/ner/sciie/dev.txt
0.656830924	/bert_weights/s2bert_basevocab_uncased_512.tar.gz	data/ner/sciie/dev.txt
0.659543748	/bert_weights/s2bert_s2vocab_cased_512.tar.gz	data/ner/sciie/dev.txt
0.657940663	/bert_weights/s2bert_s2vocab_cased_512.tar.gz	data/ner/sciie/dev.txt
0.656323185	/bert_weights/s2bert_s2vocab_cased_512.tar.gz	data/ner/sciie/dev.txt
0.656947337	/bert_weights/s2bert_s2vocab_cased_512.tar.gz	data/ner/sciie/dev.txt
0.651259259	/bert_weights/s2bert_s2vocab_cased_512.tar.gz	data/ner/sciie/dev.txt
0.647761194	/bert_weights/s2bert_s2vocab_cased_512.tar.gz	data/ner/sciie/dev.txt
0.653216374	/bert_weights/s2bert_s2vocab_uncased_512.tar.gz	data/ner/sciie/dev.txt
0.647419073	/bert_weights/s2bert_s2vocab_uncased_512.tar.gz	data/ner/sciie/dev.txt
0.638163558	/bert_weights/s2bert_s2vocab_uncased_512.tar.gz	data/ner/sciie/dev.txt
0.649897631	/bert_weights/s2bert_s2vocab_uncased_512.tar.gz	data/ner/sciie/dev.txt
0.635780886	/bert_weights/s2bert_s2vocab_uncased_512.tar.gz	data/ner/sciie/dev.txt
0.64719491	/bert_weights/s2bert_s2vocab_uncased_512.tar.gz	data/ner/sciie/dev.txt
0.432745592	/bert_weights/bertbase_basevocab_cased.tar.gz	data/ner/semeval2017/dev.txt
0.419936373	/bert_weights/bertbase_basevocab_cased.tar.gz	data/ner/semeval2017/dev.txt
0.425632911	/bert_weights/bertbase_basevocab_cased.tar.gz	data/ner/semeval2017/dev.txt
0.438190426	/bert_weights/bertbase_basevocab_uncased.tar.gz	data/ner/semeval2017/dev.txt
0.437563971	/bert_weights/bertbase_basevocab_uncased.tar.gz	data/ner/semeval2017/dev.txt
0.42226783	/bert_weights/bertbase_basevocab_uncased.tar.gz	data/ner/semeval2017/dev.txt
0.434055889	/bert_weights/biobert_pmc_basevocab_cased.tar.gz	data/ner/semeval2017/dev.txt
0.431056214	/bert_weights/biobert_pmc_basevocab_cased.tar.gz	data/ner/semeval2017/dev.txt
0.4285341	/bert_weights/biobert_pmc_basevocab_cased.tar.gz	data/ner/semeval2017/dev.txt
0.420998456	/bert_weights/biobert_pubmed_basevocab_cased.tar.gz	data/ner/semeval2017/dev.txt
0.420271308	/bert_weights/biobert_pubmed_basevocab_cased.tar.gz	data/ner/semeval2017/dev.txt
0.429526611	/bert_weights/biobert_pubmed_basevocab_cased.tar.gz	data/ner/semeval2017/dev.txt
0.419739984	/bert_weights/biobert_pubmed_pmc_basevocab_cased.tar.gz	data/ner/semeval2017/dev.txt
0.425911356	/bert_weights/biobert_pubmed_pmc_basevocab_cased.tar.gz	data/ner/semeval2017/dev.txt
0.431666221	/bert_weights/biobert_pubmed_pmc_basevocab_cased.tar.gz	data/ner/semeval2017/dev.txt
0.427672956	/bert_weights/s2bert_basevocab_cased_512.tar.gz	data/ner/semeval2017/dev.txt
0.418508997	/bert_weights/s2bert_basevocab_cased_512.tar.gz	data/ner/semeval2017/dev.txt
0.433500132	/bert_weights/s2bert_basevocab_cased_512.tar.gz	data/ner/semeval2017/dev.txt
0.443080072	/bert_weights/s2bert_basevocab_uncased_512.tar.gz	data/ner/semeval2017/dev.txt
0.43768348	/bert_weights/s2bert_basevocab_uncased_512.tar.gz	data/ner/semeval2017/dev.txt
0.436679058	/bert_weights/s2bert_basevocab_uncased_512.tar.gz	data/ner/semeval2017/dev.txt
0.438749359	/bert_weights/s2bert_s2vocab_cased_512.tar.gz	data/ner/semeval2017/dev.txt
0.426573427	/bert_weights/s2bert_s2vocab_cased_512.tar.gz	data/ner/semeval2017/dev.txt
0.439342552	/bert_weights/s2bert_s2vocab_cased_512.tar.gz	data/ner/semeval2017/dev.txt
0.428294036	/bert_weights/s2bert_s2vocab_uncased_512.tar.gz	data/ner/semeval2017/dev.txt
0.4347595	/bert_weights/s2bert_s2vocab_uncased_512.tar.gz	data/ner/semeval2017/dev.txt
0.438421053	/bert_weights/s2bert_s2vocab_uncased_512.tar.gz	data/ner/semeval2017/dev.txt
0.704942181	/bert_weights/bertbase_basevocab_cased.tar.gz	data/pico/ebmnlp/dev.txt
0.693924554	/bert_weights/bertbase_basevocab_cased.tar.gz	data/pico/ebmnlp/dev.txt
0.703256321	/bert_weights/bertbase_basevocab_cased.tar.gz	data/pico/ebmnlp/dev.txt
0.707421503	/bert_weights/bertbase_basevocab_uncased.tar.gz	data/pico/ebmnlp/dev.txt
0.692526084	/bert_weights/bertbase_basevocab_uncased.tar.gz	data/pico/ebmnlp/dev.txt
0.718610424	/bert_weights/bertbase_basevocab_uncased.tar.gz	data/pico/ebmnlp/dev.txt
0.701298058	/bert_weights/biobert_pmc_basevocab_cased.tar.gz	data/pico/ebmnlp/dev.txt
0.711719282	/bert_weights/biobert_pmc_basevocab_cased.tar.gz	data/pico/ebmnlp/dev.txt
0.709537623	/bert_weights/biobert_pmc_basevocab_cased.tar.gz	data/pico/ebmnlp/dev.txt
0.693877293	/bert_weights/biobert_pubmed_basevocab_cased.tar.gz	data/pico/ebmnlp/dev.txt
0.722301026	/bert_weights/biobert_pubmed_basevocab_cased.tar.gz	data/pico/ebmnlp/dev.txt
0.721422535	/bert_weights/biobert_pubmed_basevocab_cased.tar.gz	data/pico/ebmnlp/dev.txt
0.707641109	/bert_weights/biobert_pubmed_pmc_basevocab_cased.tar.gz	data/pico/ebmnlp/dev.txt
0.717873822	/bert_weights/biobert_pubmed_pmc_basevocab_cased.tar.gz	data/pico/ebmnlp/dev.txt
0.717850548	/bert_weights/biobert_pubmed_pmc_basevocab_cased.tar.gz	data/pico/ebmnlp/dev.txt
0.722432236	/bert_weights/s2bert_basevocab_cased_512.tar.gz	data/pico/ebmnlp/dev.txt
0.701639667	/bert_weights/s2bert_basevocab_cased_512.tar.gz	data/pico/ebmnlp/dev.txt
0.701195532	/bert_weights/s2bert_basevocab_cased_512.tar.gz	data/pico/ebmnlp/dev.txt
0.702649856	/bert_weights/s2bert_basevocab_uncased_512.tar.gz	data/pico/ebmnlp/dev.txt
0.703073765	/bert_weights/s2bert_basevocab_uncased_512.tar.gz	data/pico/ebmnlp/dev.txt
0.698616436	/bert_weights/s2bert_basevocab_uncased_512.tar.gz	data/pico/ebmnlp/dev.txt
0.71052374	/bert_weights/s2bert_s2vocab_cased_512.tar.gz	data/pico/ebmnlp/dev.txt
0.726697805	/bert_weights/s2bert_s2vocab_cased_512.tar.gz	data/pico/ebmnlp/dev.txt
0.709699928	/bert_weights/s2bert_s2vocab_cased_512.tar.gz	data/pico/ebmnlp/dev.txt
0.708730799	/bert_weights/s2bert_s2vocab_uncased_512.tar.gz	data/pico/ebmnlp/dev.txt
0.695157866	/bert_weights/s2bert_s2vocab_uncased_512.tar.gz	data/pico/ebmnlp/dev.txt
0.712018473	/bert_weights/s2bert_s2vocab_uncased_512.tar.gz	data/pico/ebmnlp/dev.txt
0.667627558	/bert_weights/bertbase_basevocab_cased.tar.gz	data/text_classification/chemprot/dev.txt
0.684058807	/bert_weights/bertbase_basevocab_cased.tar.gz	data/text_classification/chemprot/dev.txt
0.6929951	/bert_weights/bertbase_basevocab_cased.tar.gz	data/text_classification/chemprot/dev.txt
0.70221966	/bert_weights/bertbase_basevocab_cased.tar.gz	data/text_classification/chemprot/dev.txt
0.671375036	/bert_weights/bertbase_basevocab_cased.tar.gz	data/text_classification/chemprot/dev.txt
0.678293456	/bert_weights/bertbase_basevocab_cased.tar.gz	data/text_classification/chemprot/dev.txt
0.678293456	/bert_weights/bertbase_basevocab_cased.tar.gz	data/text_classification/chemprot/dev.txt
0.685788412	/bert_weights/bertbase_basevocab_cased.tar.gz	data/text_classification/chemprot/dev.txt
0.690400692	/bert_weights/bertbase_basevocab_cased.tar.gz	data/text_classification/chemprot/dev.txt
0.675987316	/bert_weights/bertbase_basevocab_cased.tar.gz	data/text_classification/chemprot/dev.txt
0.688671087	/bert_weights/bertbase_basevocab_uncased.tar.gz	data/text_classification/chemprot/dev.txt
0.690400692	/bert_weights/bertbase_basevocab_uncased.tar.gz	data/text_classification/chemprot/dev.txt
0.710002883	/bert_weights/bertbase_basevocab_uncased.tar.gz	data/text_classification/chemprot/dev.txt
0.697895647	/bert_weights/bertbase_basevocab_uncased.tar.gz	data/text_classification/chemprot/dev.txt
0.684923609	/bert_weights/bertbase_basevocab_uncased.tar.gz	data/text_classification/chemprot/dev.txt
0.698183915	/bert_weights/bertbase_basevocab_uncased.tar.gz	data/text_classification/chemprot/dev.txt
0.700490055	/bert_weights/bertbase_basevocab_uncased.tar.gz	data/text_classification/chemprot/dev.txt
0.695877775	/bert_weights/bertbase_basevocab_uncased.tar.gz	data/text_classification/chemprot/dev.txt
0.682329202	/bert_weights/bertbase_basevocab_uncased.tar.gz	data/text_classification/chemprot/dev.txt
0.682329202	/bert_weights/bertbase_basevocab_uncased.tar.gz	data/text_classification/chemprot/dev.txt
0.682905737	/bert_weights/bertbase_basevocab_uncased.tar.gz	data/text_classification/chemprot/dev.txt
0.733352551	/bert_weights/biobert_pmc_basevocab_cased.tar.gz	data/text_classification/chemprot/dev.txt
0.743730182	/bert_weights/biobert_pmc_basevocab_cased.tar.gz	data/text_classification/chemprot/dev.txt
0.703084462	/bert_weights/biobert_pmc_basevocab_cased.tar.gz	data/text_classification/chemprot/dev.txt
0.742288844	/bert_weights/biobert_pubmed_basevocab_cased.tar.gz	data/text_classification/chemprot/dev.txt
0.731622946	/bert_weights/biobert_pubmed_basevocab_cased.tar.gz	data/text_classification/chemprot/dev.txt
0.738541366	/bert_weights/biobert_pubmed_basevocab_cased.tar.gz	data/text_classification/chemprot/dev.txt
0.748342462	/bert_weights/biobert_pubmed_pmc_basevocab_cased.tar.gz	data/text_classification/chemprot/dev.txt
0.759873162	/bert_weights/biobert_pubmed_pmc_basevocab_cased.tar.gz	data/text_classification/chemprot/dev.txt
0.731334679	/bert_weights/biobert_pubmed_pmc_basevocab_cased.tar.gz	data/text_classification/chemprot/dev.txt
0.735082156	/bert_weights/s2bert_basevocab_cased_512.tar.gz	data/text_classification/chemprot/dev.txt
0.725857596	/bert_weights/s2bert_basevocab_cased_512.tar.gz	data/text_classification/chemprot/dev.txt
0.727587201	/bert_weights/s2bert_basevocab_cased_512.tar.gz	data/text_classification/chemprot/dev.txt
0.727298933	/bert_weights/s2bert_basevocab_cased_512.tar.gz	data/text_classification/chemprot/dev.txt
0.715768233	/bert_weights/s2bert_basevocab_cased_512.tar.gz	data/text_classification/chemprot/dev.txt
0.730181609	/bert_weights/s2bert_basevocab_cased_512.tar.gz	data/text_classification/chemprot/dev.txt
0.7613145	/bert_weights/s2bert_basevocab_cased_512.tar.gz	data/text_classification/chemprot/dev.txt
0.744306717	/bert_weights/s2bert_basevocab_cased_512.tar.gz	data/text_classification/chemprot/dev.txt
0.729028539	/bert_weights/s2bert_basevocab_cased_512.tar.gz	data/text_classification/chemprot/dev.txt
0.737676564	/bert_weights/s2bert_basevocab_cased_512.tar.gz	data/text_classification/chemprot/dev.txt
0.731334679	/bert_weights/s2bert_basevocab_cased_512.tar.gz	data/text_classification/chemprot/dev.txt
0.729316806	/bert_weights/s2bert_basevocab_uncased_512.tar.gz	data/text_classification/chemprot/dev.txt
0.712309023	/bert_weights/s2bert_basevocab_uncased_512.tar.gz	data/text_classification/chemprot/dev.txt
0.731622946	/bert_weights/s2bert_basevocab_uncased_512.tar.gz	data/text_classification/chemprot/dev.txt
0.750936869	/bert_weights/s2bert_basevocab_uncased_512.tar.gz	data/text_classification/chemprot/dev.txt
0.739406169	/bert_weights/s2bert_basevocab_uncased_512.tar.gz	data/text_classification/chemprot/dev.txt
0.739982704	/bert_weights/s2bert_basevocab_uncased_512.tar.gz	data/text_classification/chemprot/dev.txt
0.736523494	/bert_weights/s2bert_basevocab_uncased_512.tar.gz	data/text_classification/chemprot/dev.txt
0.745171519	/bert_weights/s2bert_basevocab_uncased_512.tar.gz	data/text_classification/chemprot/dev.txt
0.743153647	/bert_weights/s2bert_basevocab_uncased_512.tar.gz	data/text_classification/chemprot/dev.txt
0.740270972	/bert_weights/s2bert_basevocab_uncased_512.tar.gz	data/text_classification/chemprot/dev.txt
0.737964831	/bert_weights/s2bert_basevocab_uncased_512.tar.gz	data/text_classification/chemprot/dev.txt
0.764485443	/bert_weights/s2bert_s2vocab_cased_512.tar.gz	data/text_classification/chemprot/dev.txt
0.739982704	/bert_weights/s2bert_s2vocab_cased_512.tar.gz	data/text_classification/chemprot/dev.txt
0.732487749	/bert_weights/s2bert_s2vocab_cased_512.tar.gz	data/text_classification/chemprot/dev.txt
0.770827328	/bert_weights/s2bert_s2vocab_cased_512.tar.gz	data/text_classification/chemprot/dev.txt
0.756125685	/bert_weights/s2bert_s2vocab_cased_512.tar.gz	data/text_classification/chemprot/dev.txt
0.763044105	/bert_weights/s2bert_s2vocab_cased_512.tar.gz	data/text_classification/chemprot/dev.txt
0.757567022	/bert_weights/s2bert_s2vocab_cased_512.tar.gz	data/text_classification/chemprot/dev.txt
0.741135774	/bert_weights/s2bert_s2vocab_cased_512.tar.gz	data/text_classification/chemprot/dev.txt
0.75208994	/bert_weights/s2bert_s2vocab_cased_512.tar.gz	data/text_classification/chemprot/dev.txt
0.766503315	/bert_weights/s2bert_s2vocab_cased_512.tar.gz	data/text_classification/chemprot/dev.txt
0.751801672	/bert_weights/s2bert_s2vocab_cased_512.tar.gz	data/text_classification/chemprot/dev.txt
0.771115595	/bert_weights/s2bert_s2vocab_uncased_512.tar.gz	data/text_classification/chemprot/dev.txt
0.751801672	/bert_weights/s2bert_s2vocab_uncased_512.tar.gz	data/text_classification/chemprot/dev.txt
0.76592678	/bert_weights/s2bert_s2vocab_uncased_512.tar.gz	data/text_classification/chemprot/dev.txt
0.76016143	/bert_weights/s2bert_s2vocab_uncased_512.tar.gz	data/text_classification/chemprot/dev.txt
0.759873162	/bert_weights/s2bert_s2vocab_uncased_512.tar.gz	data/text_classification/chemprot/dev.txt
0.75670222	/bert_weights/s2bert_s2vocab_uncased_512.tar.gz	data/text_classification/chemprot/dev.txt
0.769962525	/bert_weights/s2bert_s2vocab_uncased_512.tar.gz	data/text_classification/chemprot/dev.txt
0.769097723	/bert_weights/s2bert_s2vocab_uncased_512.tar.gz	data/text_classification/chemprot/dev.txt
0.743730182	/bert_weights/s2bert_s2vocab_uncased_512.tar.gz	data/text_classification/chemprot/dev.txt
0.753531277	/bert_weights/s2bert_s2vocab_uncased_512.tar.gz	data/text_classification/chemprot/dev.txt
0.77169213	/bert_weights/s2bert_s2vocab_uncased_512.tar.gz	data/text_classification/chemprot/dev.txt
0.629865814	/bert_weights/bertbase_basevocab_cased.tar.gz	data/text_classification/mag/dev.txt
0.621944681	/bert_weights/bertbase_basevocab_cased.tar.gz	data/text_classification/mag/dev.txt
0.623355892	/bert_weights/bertbase_basevocab_cased.tar.gz	data/text_classification/mag/dev.txt
0.626964126	/bert_weights/bertbase_basevocab_cased.tar.gz	data/text_classification/mag/dev.txt
0.625541433	/bert_weights/bertbase_basevocab_cased.tar.gz	data/text_classification/mag/dev.txt
0.620819074	/bert_weights/bertbase_basevocab_cased.tar.gz	data/text_classification/mag/dev.txt
0.633148047	/bert_weights/bertbase_basevocab_uncased.tar.gz	data/text_classification/mag/dev.txt
0.639327951	/bert_weights/bertbase_basevocab_uncased.tar.gz	data/text_classification/mag/dev.txt
0.634538561	/bert_weights/bertbase_basevocab_uncased.tar.gz	data/text_classification/mag/dev.txt
0.629495494	/bert_weights/bertbase_basevocab_uncased.tar.gz	data/text_classification/mag/dev.txt
0.632702967	/bert_weights/bertbase_basevocab_uncased.tar.gz	data/text_classification/mag/dev.txt
0.63419008	/bert_weights/bertbase_basevocab_uncased.tar.gz	data/text_classification/mag/dev.txt
0.624871292	/bert_weights/biobert_pmc_basevocab_cased.tar.gz	data/text_classification/mag/dev.txt
0.622006521	/bert_weights/biobert_pmc_basevocab_cased.tar.gz	data/text_classification/mag/dev.txt
0.62486974	/bert_weights/biobert_pmc_basevocab_cased.tar.gz	data/text_classification/mag/dev.txt
0.622227164	/bert_weights/biobert_pubmed_basevocab_cased.tar.gz	data/text_classification/mag/dev.txt
0.626026464	/bert_weights/biobert_pubmed_basevocab_cased.tar.gz	data/text_classification/mag/dev.txt
0.62705327	/bert_weights/biobert_pubmed_basevocab_cased.tar.gz	data/text_classification/mag/dev.txt
0.626364496	/bert_weights/biobert_pubmed_pmc_basevocab_cased.tar.gz	data/text_classification/mag/dev.txt
0.622124891	/bert_weights/biobert_pubmed_pmc_basevocab_cased.tar.gz	data/text_classification/mag/dev.txt
0.624209578	/bert_weights/biobert_pubmed_pmc_basevocab_cased.tar.gz	data/text_classification/mag/dev.txt
0.636744868	/bert_weights/s2bert_basevocab_cased_512.tar.gz	data/text_classification/mag/dev.txt
0.633187534	/bert_weights/s2bert_basevocab_cased_512.tar.gz	data/text_classification/mag/dev.txt
0.63020567	/bert_weights/s2bert_basevocab_cased_512.tar.gz	data/text_classification/mag/dev.txt
0.633376937	/bert_weights/s2bert_basevocab_cased_512.tar.gz	data/text_classification/mag/dev.txt
0.631427487	/bert_weights/s2bert_basevocab_cased_512.tar.gz	data/text_classification/mag/dev.txt
0.63569366	/bert_weights/s2bert_basevocab_cased_512.tar.gz	data/text_classification/mag/dev.txt
0.641870297	/bert_weights/s2bert_basevocab_uncased_512.tar.gz	data/text_classification/mag/dev.txt
0.639565972	/bert_weights/s2bert_basevocab_uncased_512.tar.gz	data/text_classification/mag/dev.txt
0.638250599	/bert_weights/s2bert_basevocab_uncased_512.tar.gz	data/text_classification/mag/dev.txt
0.637803754	/bert_weights/s2bert_basevocab_uncased_512.tar.gz	data/text_classification/mag/dev.txt
0.643167608	/bert_weights/s2bert_basevocab_uncased_512.tar.gz	data/text_classification/mag/dev.txt
0.640685218	/bert_weights/s2bert_basevocab_uncased_512.tar.gz	data/text_classification/mag/dev.txt
0.634820082	/bert_weights/s2bert_s2vocab_cased_512.tar.gz	data/text_classification/mag/dev.txt
0.634273862	/bert_weights/s2bert_s2vocab_cased_512.tar.gz	data/text_classification/mag/dev.txt
0.629778589	/bert_weights/s2bert_s2vocab_cased_512.tar.gz	data/text_classification/mag/dev.txt
0.63665895	/bert_weights/s2bert_s2vocab_cased_512.tar.gz	data/text_classification/mag/dev.txt
0.634059367	/bert_weights/s2bert_s2vocab_cased_512.tar.gz	data/text_classification/mag/dev.txt
0.633524784	/bert_weights/s2bert_s2vocab_cased_512.tar.gz	data/text_classification/mag/dev.txt
0.640082563	/bert_weights/s2bert_s2vocab_uncased_512.tar.gz	data/text_classification/mag/dev.txt
0.635859729	/bert_weights/s2bert_s2vocab_uncased_512.tar.gz	data/text_classification/mag/dev.txt
0.640304723	/bert_weights/s2bert_s2vocab_uncased_512.tar.gz	data/text_classification/mag/dev.txt
0.642818064	/bert_weights/s2bert_s2vocab_uncased_512.tar.gz	data/text_classification/mag/dev.txt
0.643374805	/bert_weights/s2bert_s2vocab_uncased_512.tar.gz	data/text_classification/mag/dev.txt
0.641539438	/bert_weights/s2bert_s2vocab_uncased_512.tar.gz	data/text_classification/mag/dev.txt
0.862286378	/bert_weights/bertbase_basevocab_cased.tar.gz	data/text_classification/rct-20k/dev.txt
0.86255185	/bert_weights/bertbase_basevocab_cased.tar.gz	data/text_classification/rct-20k/dev.txt
0.862784138	/bert_weights/bertbase_basevocab_cased.tar.gz	data/text_classification/rct-20k/dev.txt
0.860826282	/bert_weights/bertbase_basevocab_uncased.tar.gz	data/text_classification/rct-20k/dev.txt
0.86288369	/bert_weights/bertbase_basevocab_uncased.tar.gz	data/text_classification/rct-20k/dev.txt
	/bert_weights/bertbase_basevocab_uncased.tar.gz	data/text_classification/rct-20k/dev.txt
0.867828107	/bert_weights/biobert_pmc_basevocab_cased.tar.gz	data/text_classification/rct-20k/dev.txt
0.868458603	/bert_weights/biobert_pmc_basevocab_cased.tar.gz	data/text_classification/rct-20k/dev.txt
0.865903435	/bert_weights/biobert_pmc_basevocab_cased.tar.gz	data/text_classification/rct-20k/dev.txt
0.869255019	/bert_weights/biobert_pubmed_basevocab_cased.tar.gz	data/text_classification/rct-20k/dev.txt
0.870648747	/bert_weights/biobert_pubmed_basevocab_cased.tar.gz	data/text_classification/rct-20k/dev.txt
0.870516011	/bert_weights/biobert_pubmed_basevocab_cased.tar.gz	data/text_classification/rct-20k/dev.txt
0.871511531	/bert_weights/biobert_pubmed_pmc_basevocab_cased.tar.gz	data/text_classification/rct-20k/dev.txt
0.868425419	/bert_weights/biobert_pubmed_pmc_basevocab_cased.tar.gz	data/text_classification/rct-20k/dev.txt
0.869255019	/bert_weights/biobert_pubmed_pmc_basevocab_cased.tar.gz	data/text_classification/rct-20k/dev.txt
0.868159947	/bert_weights/s2bert_basevocab_cased_512.tar.gz	data/text_classification/rct-20k/dev.txt
0.864974282	/bert_weights/s2bert_basevocab_cased_512.tar.gz	data/text_classification/rct-20k/dev.txt
0.868027211	/bert_weights/s2bert_basevocab_cased_512.tar.gz	data/text_classification/rct-20k/dev.txt
0.866401195	/bert_weights/s2bert_basevocab_uncased_512.tar.gz	data/text_classification/rct-20k/dev.txt
0.868989547	/bert_weights/s2bert_basevocab_uncased_512.tar.gz	data/text_classification/rct-20k/dev.txt
0.868624523	/bert_weights/s2bert_basevocab_uncased_512.tar.gz	data/text_classification/rct-20k/dev.txt
0.867960843	/bert_weights/s2bert_s2vocab_cased_512.tar.gz	data/text_classification/rct-20k/dev.txt
0.866666667	/bert_weights/s2bert_s2vocab_cased_512.tar.gz	data/text_classification/rct-20k/dev.txt
0.870184171	/bert_weights/s2bert_s2vocab_cased_512.tar.gz	data/text_classification/rct-20k/dev.txt
0.867529451	/bert_weights/s2bert_s2vocab_uncased_512.tar.gz	data/text_classification/rct-20k/dev.txt
	/bert_weights/s2bert_s2vocab_uncased_512.tar.gz	data/text_classification/rct-20k/dev.txt
0.868757259	/bert_weights/s2bert_s2vocab_uncased_512.tar.gz	data/text_classification/rct-20k/dev.txt
0.824309916	/bert_weights/bertbase_basevocab_cased.tar.gz	data/text_classification/sci-cite/dev.txt
0.84113014	/bert_weights/bertbase_basevocab_cased.tar.gz	data/text_classification/sci-cite/dev.txt
0.850556039	/bert_weights/bertbase_basevocab_cased.tar.gz	data/text_classification/sci-cite/dev.txt
0.834663042	/bert_weights/bertbase_basevocab_cased.tar.gz	data/text_classification/sci-cite/dev.txt
0.8227572	/bert_weights/bertbase_basevocab_cased.tar.gz	data/text_classification/sci-cite/dev.txt
0.831896909	/bert_weights/bertbase_basevocab_cased.tar.gz	data/text_classification/sci-cite/dev.txt
0.839589463	/bert_weights/bertbase_basevocab_cased.tar.gz	data/text_classification/sci-cite/dev.txt
0.840608855	/bert_weights/bertbase_basevocab_uncased.tar.gz	data/text_classification/sci-cite/dev.txt
0.834136356	/bert_weights/bertbase_basevocab_uncased.tar.gz	data/text_classification/sci-cite/dev.txt
0.846970502	/bert_weights/bertbase_basevocab_uncased.tar.gz	data/text_classification/sci-cite/dev.txt
0.832113307	/bert_weights/bertbase_basevocab_uncased.tar.gz	data/text_classification/sci-cite/dev.txt
0.85149829	/bert_weights/bertbase_basevocab_uncased.tar.gz	data/text_classification/sci-cite/dev.txt
0.853801827	/bert_weights/bertbase_basevocab_uncased.tar.gz	data/text_classification/sci-cite/dev.txt
0.851412824	/bert_weights/bertbase_basevocab_uncased.tar.gz	data/text_classification/sci-cite/dev.txt
0.846055324	/bert_weights/bertbase_basevocab_uncased.tar.gz	data/text_classification/sci-cite/dev.txt
0.859461306	/bert_weights/s2bert_basevocab_cased_512.tar.gz	data/text_classification/sci-cite/dev.txt
0.835611336	/bert_weights/s2bert_basevocab_cased_512.tar.gz	data/text_classification/sci-cite/dev.txt
0.839809026	/bert_weights/s2bert_basevocab_cased_512.tar.gz	data/text_classification/sci-cite/dev.txt
0.847401563	/bert_weights/s2bert_basevocab_cased_512.tar.gz	data/text_classification/sci-cite/dev.txt
0.851736684	/bert_weights/s2bert_basevocab_cased_512.tar.gz	data/text_classification/sci-cite/dev.txt
0.835489279	/bert_weights/s2bert_basevocab_cased_512.tar.gz	data/text_classification/sci-cite/dev.txt
0.84891541	/bert_weights/s2bert_basevocab_uncased_512.tar.gz	data/text_classification/sci-cite/dev.txt
0.841107109	/bert_weights/s2bert_basevocab_uncased_512.tar.gz	data/text_classification/sci-cite/dev.txt
0.857585284	/bert_weights/s2bert_basevocab_uncased_512.tar.gz	data/text_classification/sci-cite/dev.txt
0.836015426	/bert_weights/s2bert_basevocab_uncased_512.tar.gz	data/text_classification/sci-cite/dev.txt
0.856137548	/bert_weights/s2bert_basevocab_uncased_512.tar.gz	data/text_classification/sci-cite/dev.txt
0.832792901	/bert_weights/s2bert_basevocab_uncased_512.tar.gz	data/text_classification/sci-cite/dev.txt
0.834057453	/bert_weights/s2bert_basevocab_uncased_512.tar.gz	data/text_classification/sci-cite/dev.txt
0.84253383	/bert_weights/s2bert_basevocab_uncased_512.tar.gz	data/text_classification/sci-cite/dev.txt
0.859957864	/bert_weights/s2bert_s2vocab_cased_512.tar.gz	data/text_classification/sci-cite/dev.txt
0.832401162	/bert_weights/s2bert_s2vocab_cased_512.tar.gz	data/text_classification/sci-cite/dev.txt
0.848526813	/bert_weights/s2bert_s2vocab_cased_512.tar.gz	data/text_classification/sci-cite/dev.txt
0.854370742	/bert_weights/s2bert_s2vocab_cased_512.tar.gz	data/text_classification/sci-cite/dev.txt
0.851073893	/bert_weights/s2bert_s2vocab_cased_512.tar.gz	data/text_classification/sci-cite/dev.txt
0.84479203	/bert_weights/s2bert_s2vocab_cased_512.tar.gz	data/text_classification/sci-cite/dev.txt
0.860685521	/bert_weights/s2bert_s2vocab_cased_512.tar.gz	data/text_classification/sci-cite/dev.txt
0.848051167	/bert_weights/s2bert_s2vocab_uncased_512.tar.gz	data/text_classification/sci-cite/dev.txt
0.854807367	/bert_weights/s2bert_s2vocab_uncased_512.tar.gz	data/text_classification/sci-cite/dev.txt
0.838682824	/bert_weights/s2bert_s2vocab_uncased_512.tar.gz	data/text_classification/sci-cite/dev.txt
0.839209085	/bert_weights/s2bert_s2vocab_uncased_512.tar.gz	data/text_classification/sci-cite/dev.txt
0.847985564	/bert_weights/s2bert_s2vocab_uncased_512.tar.gz	data/text_classification/sci-cite/dev.txt
0.846635166	/bert_weights/s2bert_s2vocab_uncased_512.tar.gz	data/text_classification/sci-cite/dev.txt
0.852410482	/bert_weights/s2bert_s2vocab_uncased_512.tar.gz	data/text_classification/sci-cite/dev.txt
0.712202189	/bert_weights/bertbase_basevocab_cased.tar.gz	data/text_classification/sciie-relation-extraction/dev.txt
0.719617726	/bert_weights/bertbase_basevocab_cased.tar.gz	data/text_classification/sciie-relation-extraction/dev.txt
0.726052643	/bert_weights/bertbase_basevocab_cased.tar.gz	data/text_classification/sciie-relation-extraction/dev.txt
0.707935677	/bert_weights/bertbase_basevocab_cased.tar.gz	data/text_classification/sciie-relation-extraction/dev.txt
0.649927188	/bert_weights/bertbase_basevocab_cased.tar.gz	data/text_classification/sciie-relation-extraction/dev.txt
0.672019265	/bert_weights/bertbase_basevocab_cased.tar.gz	data/text_classification/sciie-relation-extraction/dev.txt
0.735876321	/bert_weights/bertbase_basevocab_cased.tar.gz	data/text_classification/sciie-relation-extraction/dev.txt
0.704948314	/bert_weights/bertbase_basevocab_cased.tar.gz	data/text_classification/sciie-relation-extraction/dev.txt
0.716916245	/bert_weights/bertbase_basevocab_cased.tar.gz	data/text_classification/sciie-relation-extraction/dev.txt
0.713301219	/bert_weights/bertbase_basevocab_cased.tar.gz	data/text_classification/sciie-relation-extraction/dev.txt
0.682468457	/bert_weights/bertbase_basevocab_uncased.tar.gz	data/text_classification/sciie-relation-extraction/dev.txt
0.735900578	/bert_weights/bertbase_basevocab_uncased.tar.gz	data/text_classification/sciie-relation-extraction/dev.txt
0.747951132	/bert_weights/bertbase_basevocab_uncased.tar.gz	data/text_classification/sciie-relation-extraction/dev.txt
0.715916358	/bert_weights/bertbase_basevocab_uncased.tar.gz	data/text_classification/sciie-relation-extraction/dev.txt
0.732167427	/bert_weights/bertbase_basevocab_uncased.tar.gz	data/text_classification/sciie-relation-extraction/dev.txt
0.723579275	/bert_weights/bertbase_basevocab_uncased.tar.gz	data/text_classification/sciie-relation-extraction/dev.txt
0.7145361	/bert_weights/bertbase_basevocab_uncased.tar.gz	data/text_classification/sciie-relation-extraction/dev.txt
0.701153183	/bert_weights/bertbase_basevocab_uncased.tar.gz	data/text_classification/sciie-relation-extraction/dev.txt
0.730148415	/bert_weights/bertbase_basevocab_uncased.tar.gz	data/text_classification/sciie-relation-extraction/dev.txt
0.720564528	/bert_weights/bertbase_basevocab_uncased.tar.gz	data/text_classification/sciie-relation-extraction/dev.txt
0.722024269	/bert_weights/biobert_pmc_basevocab_cased.tar.gz	data/text_classification/sciie-relation-extraction/dev.txt
0.72242461	/bert_weights/biobert_pmc_basevocab_cased.tar.gz	data/text_classification/sciie-relation-extraction/dev.txt
0.739530526	/bert_weights/biobert_pmc_basevocab_cased.tar.gz	data/text_classification/sciie-relation-extraction/dev.txt
0.720372021	/bert_weights/biobert_pubmed_basevocab_cased.tar.gz	data/text_classification/sciie-relation-extraction/dev.txt
0.736912716	/bert_weights/biobert_pubmed_basevocab_cased.tar.gz	data/text_classification/sciie-relation-extraction/dev.txt
0.741784621	/bert_weights/biobert_pubmed_basevocab_cased.tar.gz	data/text_classification/sciie-relation-extraction/dev.txt
0.714641245	/bert_weights/biobert_pubmed_pmc_basevocab_cased.tar.gz	data/text_classification/sciie-relation-extraction/dev.txt
0.750728817	/bert_weights/biobert_pubmed_pmc_basevocab_cased.tar.gz	data/text_classification/sciie-relation-extraction/dev.txt
0.754869694	/bert_weights/biobert_pubmed_pmc_basevocab_cased.tar.gz	data/text_classification/sciie-relation-extraction/dev.txt
0.727472757	/bert_weights/s2bert_basevocab_cased_512.tar.gz	data/text_classification/sciie-relation-extraction/dev.txt
0.741489146	/bert_weights/s2bert_basevocab_cased_512.tar.gz	data/text_classification/sciie-relation-extraction/dev.txt
0.762461292	/bert_weights/s2bert_basevocab_cased_512.tar.gz	data/text_classification/sciie-relation-extraction/dev.txt
0.708782444	/bert_weights/s2bert_basevocab_cased_512.tar.gz	data/text_classification/sciie-relation-extraction/dev.txt
0.715081155	/bert_weights/s2bert_basevocab_cased_512.tar.gz	data/text_classification/sciie-relation-extraction/dev.txt
0.753318005	/bert_weights/s2bert_basevocab_cased_512.tar.gz	data/text_classification/sciie-relation-extraction/dev.txt
0.780585006	/bert_weights/s2bert_basevocab_cased_512.tar.gz	data/text_classification/sciie-relation-extraction/dev.txt
0.73220248	/bert_weights/s2bert_basevocab_cased_512.tar.gz	data/text_classification/sciie-relation-extraction/dev.txt
0.761914189	/bert_weights/s2bert_basevocab_cased_512.tar.gz	data/text_classification/sciie-relation-extraction/dev.txt
0.727296595	/bert_weights/s2bert_basevocab_uncased_512.tar.gz	data/text_classification/sciie-relation-extraction/dev.txt
0.735638291	/bert_weights/s2bert_basevocab_uncased_512.tar.gz	data/text_classification/sciie-relation-extraction/dev.txt
0.767292917	/bert_weights/s2bert_basevocab_uncased_512.tar.gz	data/text_classification/sciie-relation-extraction/dev.txt
0.759570594	/bert_weights/s2bert_basevocab_uncased_512.tar.gz	data/text_classification/sciie-relation-extraction/dev.txt
0.718289349	/bert_weights/s2bert_basevocab_uncased_512.tar.gz	data/text_classification/sciie-relation-extraction/dev.txt
0.736876827	/bert_weights/s2bert_basevocab_uncased_512.tar.gz	data/text_classification/sciie-relation-extraction/dev.txt
0.759487968	/bert_weights/s2bert_basevocab_uncased_512.tar.gz	data/text_classification/sciie-relation-extraction/dev.txt
0.708827695	/bert_weights/s2bert_basevocab_uncased_512.tar.gz	data/text_classification/sciie-relation-extraction/dev.txt
0.757317634	/bert_weights/s2bert_basevocab_uncased_512.tar.gz	data/text_classification/sciie-relation-extraction/dev.txt
0.721543453	/bert_weights/s2bert_s2vocab_cased_512.tar.gz	data/text_classification/sciie-relation-extraction/dev.txt
0.726490263	/bert_weights/s2bert_s2vocab_cased_512.tar.gz	data/text_classification/sciie-relation-extraction/dev.txt
0.733013658	/bert_weights/s2bert_s2vocab_cased_512.tar.gz	data/text_classification/sciie-relation-extraction/dev.txt
0.734560672	/bert_weights/s2bert_s2vocab_cased_512.tar.gz	data/text_classification/sciie-relation-extraction/dev.txt
0.758814893	/bert_weights/s2bert_s2vocab_cased_512.tar.gz	data/text_classification/sciie-relation-extraction/dev.txt
0.699987941	/bert_weights/s2bert_s2vocab_cased_512.tar.gz	data/text_classification/sciie-relation-extraction/dev.txt
0.733643504	/bert_weights/s2bert_s2vocab_cased_512.tar.gz	data/text_classification/sciie-relation-extraction/dev.txt
0.74126375	/bert_weights/s2bert_s2vocab_cased_512.tar.gz	data/text_classification/sciie-relation-extraction/dev.txt
0.755905169	/bert_weights/s2bert_s2vocab_cased_512.tar.gz	data/text_classification/sciie-relation-extraction/dev.txt
0.709633654	/bert_weights/s2bert_s2vocab_cased_512.tar.gz	data/text_classification/sciie-relation-extraction/dev.txt
0.758168213	/bert_weights/s2bert_s2vocab_cased_512.tar.gz	data/text_classification/sciie-relation-extraction/dev.txt
0.73888076	/bert_weights/s2bert_s2vocab_uncased_512.tar.gz	data/text_classification/sciie-relation-extraction/dev.txt
0.741869722	/bert_weights/s2bert_s2vocab_uncased_512.tar.gz	data/text_classification/sciie-relation-extraction/dev.txt
0.764413647	/bert_weights/s2bert_s2vocab_uncased_512.tar.gz	data/text_classification/sciie-relation-extraction/dev.txt
0.745094629	/bert_weights/s2bert_s2vocab_uncased_512.tar.gz	data/text_classification/sciie-relation-extraction/dev.txt
0.732968324	/bert_weights/s2bert_s2vocab_uncased_512.tar.gz	data/text_classification/sciie-relation-extraction/dev.txt
0.74738185	/bert_weights/s2bert_s2vocab_uncased_512.tar.gz	data/text_classification/sciie-relation-extraction/dev.txt
0.750840616	/bert_weights/s2bert_s2vocab_uncased_512.tar.gz	data/text_classification/sciie-relation-extraction/dev.txt
0.74086245	/bert_weights/s2bert_s2vocab_uncased_512.tar.gz	data/text_classification/sciie-relation-extraction/dev.txt
0.743617391	/bert_weights/s2bert_s2vocab_uncased_512.tar.gz	data/text_classification/sciie-relation-extraction/dev.txt
0.756892303	/bert_weights/s2bert_s2vocab_uncased_512.tar.gz	data/text_classification/sciie-relation-extraction/dev.txt
0.715715186	/bert_weights/s2bert_s2vocab_uncased_512.tar.gz	data/pico/ebmnlp/dev.txt
0.698319647	/bert_weights/bertbase_basevocab_cased.tar.gz	data/pico/ebmnlp/dev.txt
0.70486862	/bert_weights/s2bert_s2vocab_uncased_512.tar.gz	data/pico/ebmnlp/dev.txt
0.709847157	/bert_weights/s2bert_s2vocab_cased_512.tar.gz	data/pico/ebmnlp/dev.txt
0.714776628	/bert_weights/bertbase_basevocab_uncased.tar.gz	data/pico/ebmnlp/dev.txt
0.682508269	/bert_weights/bertbase_basevocab_uncased.tar.gz	data/pico/ebmnlp/dev.txt
0.706497351	/bert_weights/bertbase_basevocab_cased.tar.gz	data/pico/ebmnlp/dev.txt
0.685467747	/bert_weights/s2bert_basevocab_uncased_512.tar.gz	data/pico/ebmnlp/dev.txt
0.711761688	/bert_weights/s2bert_basevocab_cased_512.tar.gz	data/pico/ebmnlp/dev.txt
0.697124544	/bert_weights/bertbase_basevocab_cased.tar.gz	data/pico/ebmnlp/dev.txt
0.703763301	/bert_weights/s2bert_basevocab_cased_512.tar.gz	data/pico/ebmnlp/dev.txt
0.694674485	/bert_weights/s2bert_s2vocab_cased_512.tar.gz	data/pico/ebmnlp/dev.txt
0.721811584	/bert_weights/s2bert_basevocab_uncased_512.tar.gz	data/pico/ebmnlp/dev.txt
0.708464129	/bert_weights/s2bert_basevocab_cased_512.tar.gz	data/pico/ebmnlp/dev.txt
0.719405189	/bert_weights/s2bert_s2vocab_cased_512.tar.gz	data/pico/ebmnlp/dev.txt
0.701805427	/bert_weights/s2bert_basevocab_uncased_512.tar.gz	data/pico/ebmnlp/dev.txt
0.696538767	/bert_weights/bertbase_basevocab_uncased.tar.gz	data/pico/ebmnlp/dev.txt
0.717480274	/bert_weights/s2bert_s2vocab_uncased_512.tar.gz	data/pico/ebmnlp/dev.txt
0.844983198	/bert_weights/s2bert_basevocab_uncased_512.tar.gz	data/text_classification/sci-cite/dev.txt
0.821161916	/bert_weights/bertbase_basevocab_cased.tar.gz	data/text_classification/sci-cite/dev.txt
0.849886567	/bert_weights/s2bert_s2vocab_uncased_512.tar.gz	data/text_classification/sci-cite/dev.txt
0.851038536	/bert_weights/bertbase_basevocab_uncased.tar.gz	data/text_classification/sci-cite/dev.txt
0.823638063	/bert_weights/bertbase_basevocab_uncased.tar.gz	data/text_classification/sci-cite/dev.txt
0.847121871	/bert_weights/bertbase_basevocab_uncased.tar.gz	data/text_classification/sci-cite/dev.txt
0.847547595	/bert_weights/s2bert_s2vocab_uncased_512.tar.gz	data/text_classification/sci-cite/dev.txt
0.862701054	/bert_weights/s2bert_basevocab_cased_512.tar.gz	data/text_classification/sci-cite/dev.txt
0.860969313	/bert_weights/s2bert_basevocab_cased_512.tar.gz	data/text_classification/sci-cite/dev.txt
0.829075349	/bert_weights/bertbase_basevocab_cased.tar.gz	data/text_classification/sci-cite/dev.txt
0.839767608	/bert_weights/bertbase_basevocab_cased.tar.gz	data/text_classification/sci-cite/dev.txt
0.853557408	/bert_weights/s2bert_basevocab_cased_512.tar.gz	data/text_classification/sci-cite/dev.txt
0.836160284	/bert_weights/s2bert_s2vocab_cased_512.tar.gz	data/text_classification/sci-cite/dev.txt
0.848574065	/bert_weights/s2bert_basevocab_uncased_512.tar.gz	data/text_classification/sci-cite/dev.txt
0.854574451	/bert_weights/s2bert_basevocab_uncased_512.tar.gz	data/text_classification/sci-cite/dev.txt
0.841124343	/bert_weights/s2bert_s2vocab_cased_512.tar.gz	data/text_classification/sci-cite/dev.txt
0.85993148	/bert_weights/s2bert_s2vocab_uncased_512.tar.gz	data/text_classification/sci-cite/dev.txt
0.837508455	/bert_weights/s2bert_s2vocab_cased_512.tar.gz	data/text_classification/sci-cite/dev.txt
0.69745392	/bert_weights/bertbase_basevocab_cased.tar.gz	data/text_classification/sciie-relation-extraction/dev.txt
0.828756135	/bert_weights/s2bert_basevocab_uncased_512.tar.gz	data/text_classification/sci-cite/dev.txt
0.752246221	/bert_weights/s2bert_s2vocab_cased_512.tar.gz	data/text_classification/sciie-relation-extraction/dev.txt
0.831624182	/bert_weights/s2bert_s2vocab_cased_512.tar.gz	data/text_classification/sci-cite/dev.txt
0.849793038	/bert_weights/s2bert_s2vocab_uncased_512.tar.gz	data/text_classification/sci-cite/dev.txt
0.706950158	/bert_weights/bertbase_basevocab_cased.tar.gz	data/text_classification/sciie-relation-extraction/dev.txt
0.740989745	/bert_weights/s2bert_basevocab_cased_512.tar.gz	data/text_classification/sciie-relation-extraction/dev.txt
0.738375005	/bert_weights/s2bert_s2vocab_cased_512.tar.gz	data/text_classification/sciie-relation-extraction/dev.txt
0.836082702	/bert_weights/s2bert_s2vocab_cased_512.tar.gz	data/text_classification/sci-cite/dev.txt
0.753158858	/bert_weights/s2bert_basevocab_cased_512.tar.gz	data/text_classification/sciie-relation-extraction/dev.txt
0.70180452	/bert_weights/bertbase_basevocab_uncased.tar.gz	data/text_classification/sciie-relation-extraction/dev.txt
0.840079193	/bert_weights/s2bert_s2vocab_uncased_512.tar.gz	data/text_classification/sci-cite/dev.txt
0.864505523	/bert_weights/s2bert_s2vocab_uncased_512.tar.gz	data/text_classification/sci-cite/dev.txt
0.833520846	/bert_weights/bertbase_basevocab_cased.tar.gz	data/text_classification/sci-cite/dev.txt
0.765114896	/bert_weights/s2bert_s2vocab_uncased_512.tar.gz	data/text_classification/sciie-relation-extraction/dev.txt
0.851527422	/bert_weights/s2bert_s2vocab_uncased_512.tar.gz	data/text_classification/sci-cite/dev.txt
0.847431852	/bert_weights/bertbase_basevocab_cased.tar.gz	data/text_classification/sci-cite/dev.txt
0.722117565	/bert_weights/s2bert_s2vocab_cased_512.tar.gz	data/text_classification/sciie-relation-extraction/dev.txt
0.859022332	/bert_weights/s2bert_s2vocab_cased_512.tar.gz	data/text_classification/sci-cite/dev.txt
0.851468717	/bert_weights/bertbase_basevocab_uncased.tar.gz	data/text_classification/sci-cite/dev.txt
0.72201099	/bert_weights/s2bert_s2vocab_uncased_512.tar.gz	data/text_classification/sciie-relation-extraction/dev.txt
0.852042607	/bert_weights/s2bert_basevocab_cased_512.tar.gz	data/text_classification/sci-cite/dev.txt
0.855693867	/bert_weights/s2bert_basevocab_uncased_512.tar.gz	data/text_classification/sci-cite/dev.txt
0.732635151	/bert_weights/s2bert_basevocab_uncased_512.tar.gz	data/text_classification/sciie-relation-extraction/dev.txt
0.848220572	/bert_weights/bertbase_basevocab_uncased.tar.gz	data/text_classification/sci-cite/dev.txt
0.738182629	/bert_weights/s2bert_s2vocab_cased_512.tar.gz	data/text_classification/sciie-relation-extraction/dev.txt
0.735413156	/bert_weights/bertbase_basevocab_cased.tar.gz	data/text_classification/sciie-relation-extraction/dev.txt
0.857443063	/bert_weights/s2bert_s2vocab_uncased_512.tar.gz	data/text_classification/sci-cite/dev.txt
0.781083024	/bert_weights/s2bert_s2vocab_uncased_512.tar.gz	data/text_classification/sciie-relation-extraction/dev.txt
0.736385348	/bert_weights/s2bert_basevocab_cased_512.tar.gz	data/text_classification/sciie-relation-extraction/dev.txt
0.735782209	/bert_weights/bertbase_basevocab_cased.tar.gz	data/text_classification/sciie-relation-extraction/dev.txt
0.729553046	/bert_weights/s2bert_s2vocab_uncased_512.tar.gz	data/text_classification/sciie-relation-extraction/dev.txt
0.740349791	/bert_weights/bertbase_basevocab_uncased.tar.gz	data/text_classification/sciie-relation-extraction/dev.txt
0.825768072	/bert_weights/s2bert_basevocab_uncased_512.tar.gz	data/text_classification/sci-cite/dev.txt
0.747276435	/bert_weights/s2bert_basevocab_uncased_512.tar.gz	data/text_classification/sciie-relation-extraction/dev.txt
0.845295323	/bert_weights/s2bert_basevocab_uncased_512.tar.gz	data/text_classification/sci-cite/dev.txt
0.724639201	/bert_weights/s2bert_basevocab_cased_512.tar.gz	data/text_classification/sciie-relation-extraction/dev.txt
0.752097713	/bert_weights/s2bert_basevocab_cased_512.tar.gz	data/text_classification/sciie-relation-extraction/dev.txt
0.842734486	/bert_weights/bertbase_basevocab_cased.tar.gz	data/text_classification/sci-cite/dev.txt
0.842944211	/bert_weights/bertbase_basevocab_uncased.tar.gz	data/text_classification/sci-cite/dev.txt
0.838018309	/bert_weights/s2bert_basevocab_cased_512.tar.gz	data/text_classification/sci-cite/dev.txt
0.737064064	/bert_weights/bertbase_basevocab_uncased.tar.gz	data/text_classification/sciie-relation-extraction/dev.txt
0.735582421	/bert_weights/s2bert_s2vocab_uncased_512.tar.gz	data/text_classification/sciie-relation-extraction/dev.txt
0.851706464	/bert_weights/s2bert_s2vocab_cased_512.tar.gz	data/text_classification/sci-cite/dev.txt
0.712616131	/bert_weights/bertbase_basevocab_cased.tar.gz	data/text_classification/sciie-relation-extraction/dev.txt
0.848019252	/bert_weights/s2bert_basevocab_cased_512.tar.gz	data/text_classification/sci-cite/dev.txt
0.837561555	/bert_weights/bertbase_basevocab_cased.tar.gz	data/text_classification/sci-cite/dev.txt
0.8547897	/bert_weights/s2bert_basevocab_cased_512.tar.gz	data/text_classification/sci-cite/dev.txt
0.837923097	/bert_weights/s2bert_basevocab_cased_512.tar.gz	data/text_classification/sci-cite/dev.txt
0.735708083	/bert_weights/bertbase_basevocab_uncased.tar.gz	data/text_classification/sciie-relation-extraction/dev.txt
0.754420321	/bert_weights/s2bert_basevocab_uncased_512.tar.gz	data/text_classification/sciie-relation-extraction/dev.txt
0.833287911	/bert_weights/bertbase_basevocab_uncased.tar.gz	data/text_classification/sci-cite/dev.txt
0.856516783	/bert_weights/s2bert_basevocab_uncased_512.tar.gz	data/text_classification/sci-cite/dev.txt
0.732675566	/bert_weights/s2bert_s2vocab_cased_512.tar.gz	data/text_classification/sciie-relation-extraction/dev.txt
0.764211914	/bert_weights/s2bert_basevocab_uncased_512.tar.gz	data/text_classification/sciie-relation-extraction/dev.txt
0.838571101	/bert_weights/s2bert_s2vocab_cased_512.tar.gz	data/text_classification/sci-cite/dev.txt
0.855111289	/bert_weights/bertbase_basevocab_uncased.tar.gz	data/text_classification/sci-cite/dev.txt
0.844035745	/bert_weights/bertbase_basevocab_cased.tar.gz	data/text_classification/sci-cite/dev.txt
0.749395594	/bert_weights/bertbase_basevocab_uncased.tar.gz	data/text_classification/sciie-relation-extraction/dev.txt
0.749523262	/bert_weights/s2bert_basevocab_uncased_512.tar.gz	data/text_classification/sciie-relation-extraction/dev.txt
0.921642701	/bert_weights/s2bert_basevocab_cased_512.tar.gz	data/parsing/genia/dev.txt
0.923379235	/bert_weights/s2bert_s2vocab_uncased_512.tar.gz	data/parsing/genia/dev.txt
0.923044114	/bert_weights/s2bert_s2vocab_uncased_512.tar.gz	data/parsing/genia/dev.txt
0.920545942	/bert_weights/bertbase_basevocab_uncased.tar.gz	data/parsing/genia/dev.txt
0.922069218	/bert_weights/biobert_pubmed_basevocab_cased.tar.gz	data/parsing/genia/dev.txt
0.922769924	/bert_weights/bertbase_basevocab_cased.tar.gz	data/parsing/genia/dev.txt
0.922769924	/bert_weights/biobert_pubmed_pmc_basevocab_cased.tar.gz	data/parsing/genia/dev.txt
0.925542286	/bert_weights/s2bert_basevocab_uncased_512.tar.gz	data/parsing/genia/dev.txt
0.925420424	/bert_weights/biobert_pubmed_basevocab_cased.tar.gz	data/parsing/genia/dev.txt
0.924201804	/bert_weights/s2bert_s2vocab_cased_512.tar.gz	data/parsing/genia/dev.txt
0.923775286	/bert_weights/bertbase_basevocab_cased.tar.gz	data/parsing/genia/dev.txt
0.921216183	/bert_weights/biobert_pubmed_basevocab_cased.tar.gz	data/parsing/genia/dev.txt
0.923897148	/bert_weights/s2bert_basevocab_uncased_512.tar.gz	data/parsing/genia/dev.txt
0.923714355	/bert_weights/s2bert_basevocab_cased_512.tar.gz	data/parsing/genia/dev.txt
0.927949062	/bert_weights/biobert_pubmed_pmc_basevocab_cased.tar.gz	data/parsing/genia/dev.txt
0.9242932	/bert_weights/s2bert_basevocab_uncased_512.tar.gz	data/parsing/genia/dev.txt
0.919053132	/bert_weights/biobert_pmc_basevocab_cased.tar.gz	data/parsing/genia/dev.txt
0.921094321	/bert_weights/bertbase_basevocab_uncased.tar.gz	data/parsing/genia/dev.txt
0.923805752	/bert_weights/s2bert_s2vocab_cased_512.tar.gz	data/parsing/genia/dev.txt
0.925907872	/bert_weights/s2bert_s2vocab_cased_512.tar.gz	data/parsing/genia/dev.txt
0.924201804	/bert_weights/s2bert_basevocab_cased_512.tar.gz	data/parsing/genia/dev.txt
0.653907854	/bert_weights/s2bert_basevocab_cased_512.tar.gz	data/text_classification/citation_intent/dev.txt
0.658615844	/bert_weights/s2bert_basevocab_cased_512.tar.gz	data/text_classification/citation_intent/dev.txt
0.650533867	/bert_weights/s2bert_s2vocab_cased_512.tar.gz	data/text_classification/citation_intent/dev.txt
0.640225207	/bert_weights/s2bert_s2vocab_uncased_512.tar.gz	data/text_classification/citation_intent/dev.txt
0.714474679	/bert_weights/s2bert_basevocab_uncased_512.tar.gz	data/text_classification/citation_intent/dev.txt
0.608488434	/bert_weights/s2bert_basevocab_cased_512.tar.gz	data/text_classification/citation_intent/dev.txt
0.586490539	/bert_weights/s2bert_s2vocab_cased_512.tar.gz	data/text_classification/citation_intent/dev.txt
0.570594905	/bert_weights/s2bert_s2vocab_uncased_512.tar.gz	data/text_classification/citation_intent/dev.txt
0.587775976	/bert_weights/bertbase_basevocab_cased.tar.gz	data/text_classification/citation_intent/dev.txt
0.57567398	/bert_weights/bertbase_basevocab_uncased.tar.gz	data/text_classification/citation_intent/dev.txt
0.578044123	/bert_weights/bertbase_basevocab_cased.tar.gz	data/text_classification/citation_intent/dev.txt
0.645291444	/bert_weights/s2bert_basevocab_uncased_512.tar.gz	data/text_classification/citation_intent/dev.txt
0.647548257	/bert_weights/s2bert_s2vocab_cased_512.tar.gz	data/text_classification/citation_intent/dev.txt
0.602540893	/bert_weights/s2bert_s2vocab_cased_512.tar.gz	data/text_classification/citation_intent/dev.txt
0.652270264	/bert_weights/s2bert_basevocab_cased_512.tar.gz	data/text_classification/citation_intent/dev.txt
0.623696672	/bert_weights/s2bert_basevocab_cased_512.tar.gz	data/text_classification/citation_intent/dev.txt
0.535229885	/bert_weights/s2bert_s2vocab_uncased_512.tar.gz	data/text_classification/citation_intent/dev.txt
0.556458001	/bert_weights/s2bert_basevocab_uncased_512.tar.gz	data/text_classification/citation_intent/dev.txt
0.579621188	/bert_weights/bertbase_basevocab_cased.tar.gz	data/text_classification/citation_intent/dev.txt
0.673831223	/bert_weights/s2bert_s2vocab_uncased_512.tar.gz	data/text_classification/citation_intent/dev.txt
0.547710921	/bert_weights/s2bert_s2vocab_uncased_512.tar.gz	data/text_classification/citation_intent/dev.txt
0.693504434	/bert_weights/s2bert_basevocab_uncased_512.tar.gz	data/text_classification/citation_intent/dev.txt
0.533155237	/bert_weights/s2bert_s2vocab_uncased_512.tar.gz	data/text_classification/citation_intent/dev.txt
0.612940779	/bert_weights/s2bert_basevocab_uncased_512.tar.gz	data/text_classification/citation_intent/dev.txt
0.613989538	/bert_weights/s2bert_basevocab_uncased_512.tar.gz	data/text_classification/citation_intent/dev.txt
0.568073993	/bert_weights/bertbase_basevocab_cased.tar.gz	data/text_classification/citation_intent/dev.txt
0.628331333	/bert_weights/bertbase_basevocab_cased.tar.gz	data/text_classification/citation_intent/dev.txt
0.495806663	/bert_weights/bertbase_basevocab_cased.tar.gz	data/text_classification/citation_intent/dev.txt
0.614915023	/bert_weights/s2bert_basevocab_cased_512.tar.gz	data/text_classification/citation_intent/dev.txt
0.652889762	/bert_weights/s2bert_s2vocab_cased_512.tar.gz	data/text_classification/citation_intent/dev.txt
0.521988101	/bert_weights/bertbase_basevocab_uncased.tar.gz	data/text_classification/citation_intent/dev.txt
0.643791236	/bert_weights/s2bert_basevocab_uncased_512.tar.gz	data/text_classification/citation_intent/dev.txt
0.485424607	/bert_weights/s2bert_s2vocab_uncased_512.tar.gz	data/text_classification/citation_intent/dev.txt
0.574050309	/bert_weights/bertbase_basevocab_uncased.tar.gz	data/text_classification/citation_intent/dev.txt
0.637129282	/bert_weights/s2bert_s2vocab_cased_512.tar.gz	data/text_classification/citation_intent/dev.txt
0.583796172	/bert_weights/bertbase_basevocab_cased.tar.gz	data/text_classification/citation_intent/dev.txt
0.644052796	/bert_weights/bertbase_basevocab_uncased.tar.gz	data/text_classification/citation_intent/dev.txt
0.594492044	/bert_weights/s2bert_basevocab_cased_512.tar.gz	data/text_classification/citation_intent/dev.txt
0.621332395	/bert_weights/bertbase_basevocab_uncased.tar.gz	data/text_classification/citation_intent/dev.txt
0.617195767	/bert_weights/bertbase_basevocab_uncased.tar.gz	data/text_classification/citation_intent/dev.txt
0.613112695	/bert_weights/s2bert_s2vocab_cased_512.tar.gz	data/text_classification/citation_intent/dev.txt
0.636371119	/bert_weights/bertbase_basevocab_uncased.tar.gz	data/text_classification/citation_intent/dev.txt
0.663568522	/bert_weights/s2bert_basevocab_uncased_512.tar.gz	data/text_classification/citation_intent/dev.txt
0.636631707	/bert_weights/biobert_pubmed_basevocab_cased.tar.gz	data/text_classification/citation_intent/dev.txt
0.744643716	/bert_weights/s2bert_s2vocab_cased_512.tar.gz	data/text_classification/citation_intent/dev.txt
0.679506076	/bert_weights/biobert_pubmed_basevocab_cased.tar.gz	data/text_classification/citation_intent/dev.txt
0.589321789	/bert_weights/biobert_pubmed_pmc_basevocab_cased.tar.gz	data/text_classification/citation_intent/dev.txt
0.685098955	/bert_weights/s2bert_s2vocab_uncased_512.tar.gz	data/text_classification/citation_intent/dev.txt
0.69321148	/bert_weights/s2bert_basevocab_cased_512.tar.gz	data/text_classification/citation_intent/dev.txt
0.640812669	/bert_weights/s2bert_s2vocab_uncased_512.tar.gz	data/text_classification/citation_intent/dev.txt
0.648965142	/bert_weights/s2bert_basevocab_cased_512.tar.gz	data/text_classification/citation_intent/dev.txt
0.609500857	/bert_weights/bertbase_basevocab_uncased.tar.gz	data/text_classification/citation_intent/dev.txt
0.622388922	/bert_weights/biobert_pmc_basevocab_cased.tar.gz	data/text_classification/citation_intent/dev.txt
0.626129457	/bert_weights/biobert_pubmed_basevocab_cased.tar.gz	data/text_classification/citation_intent/dev.txt
0.598831303	/bert_weights/bertbase_basevocab_uncased.tar.gz	data/text_classification/citation_intent/dev.txt
0.622301658	/bert_weights/s2bert_basevocab_uncased_512.tar.gz	data/text_classification/citation_intent/dev.txt
0.618673769	/bert_weights/biobert_pubmed_pmc_basevocab_cased.tar.gz	data/text_classification/citation_intent/dev.txt
0.608437002	/bert_weights/biobert_pmc_basevocab_cased.tar.gz	data/text_classification/citation_intent/dev.txt
0.656556507	/bert_weights/biobert_pmc_basevocab_cased.tar.gz	data/text_classification/citation_intent/dev.txt
0.616354315	/bert_weights/bertbase_basevocab_cased.tar.gz	data/text_classification/citation_intent/dev.txt
0.597342381	/bert_weights/s2bert_s2vocab_cased_512.tar.gz	data/text_classification/citation_intent/dev.txt
0.570514671	/bert_weights/s2bert_s2vocab_cased_512.tar.gz	data/text_classification/citation_intent/dev.txt
0.662605695	/bert_weights/bertbase_basevocab_cased.tar.gz	data/text_classification/citation_intent/dev.txt
0.612176931	/bert_weights/bertbase_basevocab_uncased.tar.gz	data/text_classification/citation_intent/dev.txt
0.562976794	/bert_weights/biobert_pubmed_pmc_basevocab_cased.tar.gz	data/text_classification/citation_intent/dev.txt
0.607056929	/bert_weights/bertbase_basevocab_cased.tar.gz	data/text_classification/citation_intent/dev.txt
0.687762801	/bert_weights/s2bert_basevocab_uncased_512.tar.gz	data/text_classification/citation_intent/dev.txt
0.645322455	/bert_weights/s2bert_s2vocab_uncased_512.tar.gz	data/text_classification/citation_intent/dev.txt
0.592467255	/bert_weights/s2bert_basevocab_cased_512.tar.gz	data/text_classification/citation_intent/dev.txt