"Task_Name","Task_ID","Experiment_Name","Experiment_ID","metric_best_validation_f1-measure-overall","metric_test_f1-measure-overall","env_BERT_WEIGHTS","env_LEARNING_RATE","env_NUM_EPOCHS","env_TRAIN_PATH"
"training","tk_54tas9msmz99","","ex_zzj9xorzp6y4",0.8741390106449092,0.8968335035750266,"/scibert/biobert_pubmed_pmc_basevocab_cased/weights.tar.gz","1e-05","3","data/ner/NCBI-disease/train.txt"
"training","tk_4p4zqeutujkj","","ex_zvmt0iccc3nn",0.7989911174470385,0.7641312698934853,"/scibert/biobert_pubmed_pmc_basevocab_cased/weights.tar.gz","5e-06","4","data/ner/JNLPBA/train.txt"
"training","tk_y16ao5o29vhm","","ex_zvjqz86n329g",0.8129653964081849,0.7625157646542244,"/scibert/scibert_scivocab_cased/weights.tar.gz","5e-05","4","data/ner/JNLPBA/train.txt"
"training","tk_o1038t9t47u9","","ex_zsue0omwo00v",0.9054568527918282,0.8960131524865921,"/scibert/scibert_scivocab_cased/weights.tar.gz","5e-05","4","data/ner/bc5cdr/train.txt"
"training","tk_sw15e18k4z4o","","ex_zqq4frw7d0p5",0.901238455079715,0.891099209385311,"/scibert/biobert_pubmed_pmc_basevocab_cased/weights.tar.gz","1e-05","3","data/ner/bc5cdr/train.txt"
"training","tk_2b76k8kuxaam","","ex_zozmow3ru7c7",0.869077306733117,0.8831036242980612,"/scibert/biobert_pubmed_pmc_basevocab_cased/weights.tar.gz","5e-06","5","data/ner/NCBI-disease/train.txt"
"training","tk_xuh3hq1pxo5m","","ex_zk2y2cm8gpz8",0.7058823529411263,0.685549132947927,"/scibert/scibert_scivocab_cased/weights.tar.gz","5e-05","4","data/ner/sciie/train.txt"
"training","tk_5psj34gtf0xm","","ex_zif2ab7krcgo",0.7871406627166496,0.7492178494977272,"/scibert/biobert_pubmed_pmc_basevocab_cased/weights.tar.gz","5e-06","2","data/ner/JNLPBA/train.txt"
"training","tk_z88bayoaralk","","ex_z4ixpdnpt83h",0.8037871367939429,0.7589985207910529,"/scibert/bertbase_basevocab_cased/weights.tar.gz","5e-05","2","data/ner/JNLPBA/train.txt"
"training","tk_by29sv1cxkey","","ex_z2n4ptxxoy1v",0.9011974468533551,0.8942997744514571,"/scibert/scibert_scivocab_cased/weights.tar.gz","5e-05","2","data/ner/bc5cdr/train.txt"
"training","tk_6ent60w9y6ls","","ex_z0asvlvyaizi",0.8772469378015302,0.8654796212432599,"/scibert/bertbase_basevocab_cased/weights.tar.gz","5e-05","2","data/ner/bc5cdr/train.txt"
"training","tk_016xgsv9jjdi","","ex_yui82q7qyviy",0.8784918413686991,0.87304687499995,"/scibert/biobert_pubmed_pmc_basevocab_cased/weights.tar.gz","5e-06","2","data/ner/bc5cdr/train.txt"
"training","tk_qhiiyd75nib2","","ex_yneo6y0njocn",0.8710493046775732,0.876867594023649,"/scibert/scibert_scivocab_cased/weights.tar.gz","1e-05","3","data/ner/NCBI-disease/train.txt"
"training","tk_hifhevv18gig","","ex_yn5syznok0v1",0.6451612903225307,0.6228800493369837,"/scibert/bertbase_basevocab_cased/weights.tar.gz","5e-05","2","data/ner/sciie/train.txt"
"training","tk_gly7f2j58y9z","","ex_yl7w88861uop",0.6889023650696892,0.6577060931899142,"/scibert/biobert_pubmed_pmc_basevocab_cased/weights.tar.gz","1e-05","5","data/ner/sciie/train.txt"
"training","tk_ta2q9rh3tri5","","ex_yj6fifz74s0n",0.5593220338982552,0.5324103209565267,"/scibert/bertbase_basevocab_cased/weights.tar.gz","1e-05","2","data/ner/sciie/train.txt"
"training","tk_ajnq73w4qenr","","ex_ydnx47cl3k1c",0.5615635179152596,0.5155555555555057,"/scibert/biobert_pubmed_pmc_basevocab_cased/weights.tar.gz","5e-06","4","data/ner/sciie/train.txt"
"training","tk_b0bcy2920yrx","","ex_yc0cjn0sc2u9",0.8469706433478575,0.8672114402450982,"/scibert/scibert_scivocab_cased/weights.tar.gz","5e-06","2","data/ner/NCBI-disease/train.txt"
"training","tk_l3c5a4xsktt7","","ex_ybmxtj7jmur4",0.8899586625503138,0.8806099110545879,"/scibert/biobert_pubmed_pmc_basevocab_cased/weights.tar.gz","5e-06","5","data/ner/bc5cdr/train.txt"
"training","tk_dpx1iqzx2ijm","","ex_y79lsmkkompt",0.9019546192946103,0.893937850229191,"/scibert/scibert_scivocab_cased/weights.tar.gz","1e-05","3","data/ner/bc5cdr/train.txt"
"training","tk_4ul69ozawfjy","","ex_y6pc691462qk",0.8601485148514352,0.8559796437658533,"/scibert/bertbase_basevocab_cased/weights.tar.gz","5e-06","5","data/ner/NCBI-disease/train.txt"
"training","tk_68jooqkuxhf3","","ex_y1t2fbtdyr0l",0.8597899938232977,0.861963190183999,"/scibert/bertbase_basevocab_cased/weights.tar.gz","1e-05","2","data/ner/NCBI-disease/train.txt"
"training","tk_cvhripux1cup","","ex_y11bypaplzv9",0.7597630539709901,0.7286813186812688,"/scibert/bertbase_basevocab_cased/weights.tar.gz","5e-06","2","data/ner/JNLPBA/train.txt"
"training","tk_tbupum83ogvg","","ex_y0wimclv2mlm",0.8749999999999499,0.8846938775509704,"/scibert/scibert_scivocab_cased/weights.tar.gz","1e-05","2","data/ner/NCBI-disease/train.txt"
"training","tk_d3uaxah96cpr","","ex_xz3mstp1ct1h",0.8849202155764058,0.8662551440328718,"/scibert/bertbase_basevocab_cased/weights.tar.gz","5e-05","4","data/ner/bc5cdr/train.txt"
"training","tk_oi6mynzaq8o9","","ex_xwngpkptwr79",0.6642156862744598,0.631201434548665,"/scibert/bertbase_basevocab_cased/weights.tar.gz","1e-05","5","data/ner/sciie/train.txt"
"training","tk_b3sfqcwjv51a","","ex_xunnswz08nzx",0.8761174968071019,0.8821052631578447,"/scibert/scibert_scivocab_cased/weights.tar.gz","5e-05","5","data/ner/NCBI-disease/train.txt"
"training","tk_bgu7mjqjqzmm","","ex_xte49jf8h5cb",0.8551980198019302,0.85030549898162,"/scibert/bertbase_basevocab_cased/weights.tar.gz","5e-06","5","data/ner/NCBI-disease/train.txt"
"training","tk_lsmzh7xtlewr","","ex_xsy2hyzayu23",0.8646947765889997,0.872141372141322,"/scibert/bertbase_basevocab_cased/weights.tar.gz","5e-05","3","data/ner/NCBI-disease/train.txt"
"training","tk_0nad7jooift5","","ex_xr69inua6u4t",0.6755609460278457,0.6380728554641099,"/scibert/bertbase_basevocab_cased/weights.tar.gz","5e-05","4","data/ner/sciie/train.txt"
"training","tk_21p9lqh8jffu","","ex_xlurl9pvzq2h",0.9023363502420044,0.8934711420384273,"/scibert/scibert_scivocab_cased/weights.tar.gz","1e-05","3","data/ner/bc5cdr/train.txt"
"training","tk_an6tai1yez6j","","ex_xi0xm0dlhopd",0.6983744732088603,0.6672540381790983,"/scibert/biobert_pubmed_pmc_basevocab_cased/weights.tar.gz","5e-05","5","data/ner/sciie/train.txt"
"training","tk_8t5hb06l31yh","","ex_xfwzuezituy0",0.8353808353807853,0.8374936321955688,"/scibert/bertbase_basevocab_cased/weights.tar.gz","5e-06","2","data/ner/NCBI-disease/train.txt"
"training","tk_wkcm6ci4i3z3","","ex_xa1vyxh7xz1j",0.6611883691529209,0.6230816451810428,"/scibert/bertbase_basevocab_cased/weights.tar.gz","5e-05","3","data/ner/sciie/train.txt"
"training","tk_hauk7d70hcne","","ex_x42gzr80pliv",0.8391959798994475,0.860500766479255,"/scibert/scibert_scivocab_cased/weights.tar.gz","5e-06","2","data/ner/NCBI-disease/train.txt"
"training","tk_pb4awyatsxep","","ex_x19ytv5nhn6s",0.9042469005538936,0.8968982312227135,"/scibert/scibert_scivocab_cased/weights.tar.gz","1e-05","5","data/ner/bc5cdr/train.txt"
"training","tk_4tkcr4ql45j8","","ex_wzomg47007bi",0.8636077938403018,0.872634271099694,"/scibert/scibert_scivocab_cased/weights.tar.gz","5e-06","3","data/ner/NCBI-disease/train.txt"
"training","tk_cgde7o2gacxz","","ex_wu2mtsckrqvj",0.6253948199620472,0.5907560453014499,"/scibert/bertbase_basevocab_cased/weights.tar.gz","1e-05","3","data/ner/sciie/train.txt"
"training","tk_3uhczbdudjjb","","ex_wu0fthigw4th",0.8878416588123911,0.8823229750381569,"/scibert/biobert_pubmed_pmc_basevocab_cased/weights.tar.gz","5e-06","4","data/ner/bc5cdr/train.txt"
"training","tk_90cp7ja3keep","","ex_wr5j85exrywe",0.8630165504319267,0.8499369482975542,"/scibert/bertbase_basevocab_cased/weights.tar.gz","5e-06","5","data/ner/bc5cdr/train.txt"
"training","tk_4ocujresss6v","","ex_wq61bify6bsl",0.9045411442418635,0.8974870771277458,"/scibert/biobert_pubmed_pmc_basevocab_cased/weights.tar.gz","5e-05","4","data/ner/bc5cdr/train.txt"
"training","tk_smilsjve1776","","ex_wk9m38nemiem",0.6610373944510959,0.6513815402703792,"/scibert/bertbase_basevocab_cased/weights.tar.gz","5e-05","5","data/ner/sciie/train.txt"
"training","tk_qd97zs792fhl","","ex_wiyfsyihmav4",0.8051382538645265,0.7534469655845772,"/scibert/bertbase_basevocab_cased/weights.tar.gz","5e-05","5","data/ner/JNLPBA/train.txt"
"training","tk_0v4fdq0heg0a","","ex_wgcv1sg4w9o1",0.8796944621259842,0.889694458829572,"/scibert/scibert_scivocab_cased/weights.tar.gz","5e-05","3","data/ner/NCBI-disease/train.txt"
"training","tk_bz1cd8mk2e92","","ex_wd2cgcs25rgw",0.8525202240198627,0.8495394063459071,"/scibert/bertbase_basevocab_cased/weights.tar.gz","5e-06","5","data/ner/NCBI-disease/train.txt"
"training","tk_ncjdio3s6urv","","ex_wcf5guty7qo5",0.8784087935095025,0.8624936386767948,"/scibert/bertbase_basevocab_cased/weights.tar.gz","1e-05","5","data/ner/bc5cdr/train.txt"
"training","tk_ehvhk2vrdmpc","","ex_wboifgf0r8l8",0.8542963885429138,0.8514548238896896,"/scibert/bertbase_basevocab_cased/weights.tar.gz","5e-06","4","data/ner/NCBI-disease/train.txt"
"training","tk_trcau24awbsw","","ex_wapdbqitj5qt",0.7819073569481789,0.7417819832630907,"/scibert/bertbase_basevocab_cased/weights.tar.gz","5e-06","4","data/ner/JNLPBA/train.txt"
"training","tk_xwaacpabewf6","","ex_wa83lt8ijlq2",0.8036729339745893,0.7639414377364201,"/scibert/biobert_pubmed_pmc_basevocab_cased/weights.tar.gz","1e-05","2","data/ner/JNLPBA/train.txt"
"training","tk_927kj1khreza","","ex_w6hhhtx4vdr5",0.8701622971285392,0.8831967213114255,"/scibert/scibert_scivocab_cased/weights.tar.gz","5e-05","2","data/ner/NCBI-disease/train.txt"
"training","tk_0y5o7a2lgoi4","","ex_w5dl33dvaj7i",0.8051298771872122,0.7580337170603463,"/scibert/bertbase_basevocab_cased/weights.tar.gz","5e-05","2","data/ner/JNLPBA/train.txt"
"training","tk_fdt7met6i59e","","ex_w2p5siz3jt44",0.6457564575645256,0.6308200660858617,"/scibert/scibert_scivocab_cased/weights.tar.gz","1e-05","2","data/ner/sciie/train.txt"
"training","tk_cg98euqahqzq","","ex_vwrgjyyu5nt7",0.6889301175014959,0.6619975639463569,"/scibert/biobert_pubmed_pmc_basevocab_cased/weights.tar.gz","5e-05","2","data/ner/sciie/train.txt"
"training","tk_ksyvq14wgdi5","","ex_vtsqjzr6pzih",0.8646288209606487,0.8680203045684778,"/scibert/biobert_pubmed_pmc_basevocab_cased/weights.tar.gz","5e-06","4","data/ner/NCBI-disease/train.txt"
"training","tk_zu59xmgt6tjx","","ex_vs0obk2uev64",0.8761785040854306,0.888208269525218,"/scibert/biobert_pubmed_pmc_basevocab_cased/weights.tar.gz","1e-05","5","data/ner/NCBI-disease/train.txt"
"training","tk_5yu0zz8jaebs","","ex_vpoqzw8za4b2",0.8989141268425247,0.8908858820525414,"/scibert/biobert_pubmed_pmc_basevocab_cased/weights.tar.gz","1e-05","3","data/ner/bc5cdr/train.txt"
"training","tk_mq1bjssrx75p","","ex_vl45nkvr65na",0.6171003717471618,0.6189602446482682,"/scibert/scibert_scivocab_cased/weights.tar.gz","5e-06","4","data/ner/sciie/train.txt"
"training","tk_syph4qzuf5vh","","ex_vj0euyt96o2y",0.7075413856529235,0.6618748128181591,"/scibert/biobert_pubmed_pmc_basevocab_cased/weights.tar.gz","5e-05","5","data/ner/sciie/train.txt"
"training","tk_7h0amo1nnq06","","ex_vgzq0sca34wr",0.9013102282332552,0.8928718159407881,"/scibert/scibert_scivocab_cased/weights.tar.gz","1e-05","4","data/ner/bc5cdr/train.txt"
"training","tk_dz8blqc08sy8","","ex_vdyp5ovnc0ea",0.8155212101281974,0.7728913685591887,"/scibert/scibert_scivocab_cased/weights.tar.gz","5e-05","2","data/ner/JNLPBA/train.txt"
"training","tk_wc0imempw5w8","","ex_vcm3m7m47ki9",0.8092548338039909,0.7654845562999993,"/scibert/biobert_pubmed_pmc_basevocab_cased/weights.tar.gz","5e-05","5","data/ner/JNLPBA/train.txt"
"training","tk_rtzwkrel5gtc","","ex_vcahkpy5jt1x",0.8681875792141451,0.8695652173912544,"/scibert/bertbase_basevocab_cased/weights.tar.gz","5e-05","5","data/ner/NCBI-disease/train.txt"
"training","tk_4rp1c2haodld","","ex_v6z3ot1vp50o",0.6219435736676615,0.6043209876542711,"/scibert/scibert_scivocab_cased/weights.tar.gz","5e-06","3","data/ner/sciie/train.txt"
"training","tk_djb79p28j7h2","","ex_v4a8zwclohka",0.6909765142150304,0.6417144581949394,"/scibert/biobert_pubmed_pmc_basevocab_cased/weights.tar.gz","1e-05","5","data/ner/sciie/train.txt"
"training","tk_4ng4zv51xmbu","","ex_v1uqhfrg2d78",0.8527035425729768,0.856115107913619,"/scibert/bertbase_basevocab_cased/weights.tar.gz","1e-05","2","data/ner/NCBI-disease/train.txt"
"training","tk_9z7y2s7kfnv3","","ex_uz1coh4eosc7",0.6546359676415181,0.6154772658837201,"/scibert/bertbase_basevocab_cased/weights.tar.gz","1e-05","4","data/ner/sciie/train.txt"
"training","tk_3kwnbvxyxq49","","ex_uto76s52huff",0.7933130699087646,0.7578683248785844,"/scibert/bertbase_basevocab_cased/weights.tar.gz","1e-05","4","data/ner/JNLPBA/train.txt"
"training","tk_pa3rnqa8beks","","ex_uiahvf41jf5r",0.7951090548578482,0.7559081143612129,"/scibert/scibert_scivocab_cased/weights.tar.gz","5e-06","2","data/ner/JNLPBA/train.txt"
"training","tk_fq2pfrgsvf3s","","ex_uelxppted64s",0.8658008658008158,0.8849104859334538,"/scibert/biobert_pubmed_pmc_basevocab_cased/weights.tar.gz","5e-05","3","data/ner/NCBI-disease/train.txt"
"training","tk_mtzt7863micr","","ex_ucmlhet1l3cj",0.667885435709883,0.6524096385541669,"/scibert/scibert_scivocab_cased/weights.tar.gz","1e-05","3","data/ner/sciie/train.txt"
"training","tk_drc5tgl7n14h","","ex_uck1380qnnli",0.8025421871575218,0.7630407299510303,"/scibert/scibert_scivocab_cased/weights.tar.gz","5e-06","3","data/ner/JNLPBA/train.txt"
"training","tk_l53wx9nrg030","","ex_ua5c01pmhsy5",0.7969598262757372,0.754826044279588,"/scibert/bertbase_basevocab_cased/weights.tar.gz","1e-05","5","data/ner/JNLPBA/train.txt"
"training","tk_co6wu6kn0lsx","","ex_u7t0vk4m511x",0.8821144632232428,0.8678935766647371,"/scibert/bertbase_basevocab_cased/weights.tar.gz","1e-05","5","data/ner/bc5cdr/train.txt"
"training","tk_ppr3e1i103fk","","ex_u4xrlhl5u98h",0.8841543213107389,0.8764102302312023,"/scibert/scibert_scivocab_cased/weights.tar.gz","5e-06","2","data/ner/bc5cdr/train.txt"
"training","tk_x00gkse06esc","","ex_u43d7q2jqmln",0.8120087336244043,0.7714081957320255,"/scibert/scibert_scivocab_cased/weights.tar.gz","1e-05","3","data/ner/JNLPBA/train.txt"
"training","tk_8hndiq5q74lu","","ex_u1s1uebq3fa0",0.8812664907651214,0.8675303394950599,"/scibert/bertbase_basevocab_cased/weights.tar.gz","5e-05","4","data/ner/bc5cdr/train.txt"
"training","tk_2blzlkay8cms","","ex_tzgzuplbhd3f",0.8136373602279701,0.7656301145662349,"/scibert/scibert_scivocab_cased/weights.tar.gz","5e-05","3","data/ner/JNLPBA/train.txt"
"training","tk_8lxd4taesp5e","","ex_tywie04u5guw",0.8042455410875965,0.7653548493330639,"/scibert/biobert_pubmed_pmc_basevocab_cased/weights.tar.gz","1e-05","2","data/ner/JNLPBA/train.txt"
"training","tk_wdhyrhx1zz2r","","ex_txrac8gdgu42",0.8061898062979697,0.7692391304347328,"/scibert/biobert_pubmed_pmc_basevocab_cased/weights.tar.gz","5e-05","3","data/ner/JNLPBA/train.txt"
"training","tk_08oj8b6mgfsm","","ex_tw1eoilkr0ug",0.8809287245724544,0.8739119368795633,"/scibert/scibert_scivocab_cased/weights.tar.gz","5e-06","2","data/ner/bc5cdr/train.txt"
"training","tk_2wzjh0bdk8ra","","ex_tvvcmaz7sna3",0.643706950532198,0.6154772658837201,"/scibert/bertbase_basevocab_cased/weights.tar.gz","1e-05","4","data/ner/sciie/train.txt"
"training","tk_5ftptq46nrf6","","ex_tngetpm05r1u",0.8074901445465992,0.7657766990290764,"/scibert/bertbase_basevocab_cased/weights.tar.gz","5e-05","2","data/ner/JNLPBA/train.txt"
"training","tk_vrrs8jkx640z","","ex_tlwfeua5lyos",0.881118881118831,0.8881987577639252,"/scibert/biobert_pubmed_pmc_basevocab_cased/weights.tar.gz","5e-05","4","data/ner/NCBI-disease/train.txt"
"training","tk_9lvstbbtmp29","","ex_tgr5dd3xxi13",0.6372670807452917,0.6167536054003798,"/scibert/scibert_scivocab_cased/weights.tar.gz","1e-05","2","data/ner/sciie/train.txt"
"training","tk_9u4tmju6726l","","ex_tel77qfzdhl6",0.872865275142265,0.888659793814383,"/scibert/scibert_scivocab_cased/weights.tar.gz","5e-05","4","data/ner/NCBI-disease/train.txt"
"training","tk_bnz3lvb0ezdl","","ex_tdhyppktduy1",0.8148309705561114,0.7695511590945958,"/scibert/biobert_pubmed_pmc_basevocab_cased/weights.tar.gz","5e-05","2","data/ner/JNLPBA/train.txt"
"training","tk_eijahod573yx","","ex_tdgljz7op0cl",0.7950837502718664,0.7574151963729223,"/scibert/bertbase_basevocab_cased/weights.tar.gz","1e-05","5","data/ner/JNLPBA/train.txt"
"training","tk_f9ah516xu65y","","ex_tbu6bgeuyuew",0.7912833990363057,0.758874197618867,"/scibert/biobert_pubmed_pmc_basevocab_cased/weights.tar.gz","5e-06","3","data/ner/JNLPBA/train.txt"
"training","tk_2velon4vn5ba","","ex_tat6jr8dbw82",0.8583850931676519,0.8788962698006654,"/scibert/scibert_scivocab_cased/weights.tar.gz","5e-06","3","data/ner/NCBI-disease/train.txt"
"training","tk_b912k174dps0","","ex_t75eotbvx9tg",0.7993392070484082,0.7596761672396085,"/scibert/bertbase_basevocab_cased/weights.tar.gz","5e-05","4","data/ner/JNLPBA/train.txt"
"training","tk_a2hs7yv8uv4h","","ex_t6efhc2irckj",0.9025354488429209,0.8945939021265193,"/scibert/biobert_pubmed_pmc_basevocab_cased/weights.tar.gz","1e-05","4","data/ner/bc5cdr/train.txt"
"training","tk_ei0uw65du77w","","ex_t3kd7qyuxefd",0.6757090012329956,0.6474606474605975,"/scibert/bertbase_basevocab_cased/weights.tar.gz","5e-05","4","data/ner/sciie/train.txt"
"training","tk_k8wgycy2nd7a","","ex_t1vafsniol5n",0.8790373654211026,0.8550420168066727,"/scibert/bertbase_basevocab_cased/weights.tar.gz","5e-05","4","data/ner/NCBI-disease/train.txt"
"training","tk_l149r26q2n5k","","ex_t045tmp59k8u",0.8941238195172637,0.8865179437438879,"/scibert/scibert_scivocab_cased/weights.tar.gz","1e-05","2","data/ner/bc5cdr/train.txt"
"training","tk_8bk0p5ym1b5a","","ex_szsqevjup6qp",0.8559059987630916,0.864864864864815,"/scibert/bertbase_basevocab_cased/weights.tar.gz","5e-06","4","data/ner/NCBI-disease/train.txt"
"training","tk_cpktbcghy3a2","","ex_szd0vzlyt0zq",0.8471656749138241,0.8387717875962208,"/scibert/bertbase_basevocab_cased/weights.tar.gz","5e-06","2","data/ner/bc5cdr/train.txt"
"training","tk_j6t46nkwmar0","","ex_sxl7ztbji0dz",0.8737499999999498,0.8853633572159172,"/scibert/scibert_scivocab_cased/weights.tar.gz","5e-05","5","data/ner/NCBI-disease/train.txt"
"training","tk_53jgb9n0us7b","","ex_sx5nrefdhni4",0.858390517779114,0.8703609557701584,"/scibert/biobert_pubmed_pmc_basevocab_cased/weights.tar.gz","5e-06","3","data/ner/NCBI-disease/train.txt"
"training","tk_cat5bvkktdkd","","ex_swzxx3hnl8fo",0.8776796973517784,0.8853633572159172,"/scibert/scibert_scivocab_cased/weights.tar.gz","1e-05","4","data/ner/NCBI-disease/train.txt"
"training","tk_25bx1i83i9b1","","ex_sul2f52ur653",0.6797787338659611,0.6487615637122747,"/scibert/bertbase_basevocab_cased/weights.tar.gz","5e-05","4","data/ner/sciie/train.txt"
"training","tk_fpfc8za6v1p7","","ex_sr1v3fknh2s2",0.9036334913111664,0.8964669738862787,"/scibert/scibert_scivocab_cased/weights.tar.gz","1e-05","4","data/ner/bc5cdr/train.txt"
"training","tk_15wbgey2ng92","","ex_spbymkm9e654",0.8805642633228339,0.8632552467096405,"/scibert/bertbase_basevocab_cased/weights.tar.gz","1e-05","5","data/ner/bc5cdr/train.txt"
"training","tk_5ot95l2k12o9","","ex_snsm0eu17343",0.49503639973522473,0.49197174052660414,"/scibert/bertbase_basevocab_cased/weights.tar.gz","5e-06","3","data/ner/sciie/train.txt"
"training","tk_i0rlywy6tnqk","","ex_sl8gfxbdgl00",0.8704856787048066,0.8921819110883505,"/scibert/biobert_pubmed_pmc_basevocab_cased/weights.tar.gz","1e-05","4","data/ner/NCBI-disease/train.txt"
"training","tk_wvm5dd3naual","","ex_sitvupzpintg",0.8646616541352882,0.8810617662071986,"/scibert/biobert_pubmed_pmc_basevocab_cased/weights.tar.gz","5e-06","5","data/ner/NCBI-disease/train.txt"
"training","tk_271cnpix7e5l","","ex_s9nvbixm2x2a",0.794360086767846,0.7558685446008893,"/scibert/bertbase_basevocab_cased/weights.tar.gz","1e-05","4","data/ner/JNLPBA/train.txt"
"training","tk_r6xaa2e4uhow","","ex_s6sb0fe0f1dj",0.4492052522459769,0.4302442288390274,"/scibert/bertbase_basevocab_cased/weights.tar.gz","5e-06","2","data/ner/sciie/train.txt"
"training","tk_1hiqz2qbayu0","","ex_s6rzsf3je7iu",0.6360201511334512,0.6024022174314253,"/scibert/biobert_pubmed_pmc_basevocab_cased/weights.tar.gz","1e-05","3","data/ner/sciie/train.txt"
"training","tk_h87zqgfwnzrb","","ex_s1gjjgd5c6x9",0.8623052959501057,0.8577319587628365,"/scibert/bertbase_basevocab_cased/weights.tar.gz","5e-05","2","data/ner/NCBI-disease/train.txt"
"training","tk_5hred38ft05i","","ex_rx5x840xrxna",0.806472632493434,0.7703889585946805,"/scibert/biobert_pubmed_pmc_basevocab_cased/weights.tar.gz","1e-05","4","data/ner/JNLPBA/train.txt"
"training","tk_rc8ej6pbsig4","","ex_rvvlhv8fja4l",0.8721147847784901,0.8851454823889239,"/scibert/biobert_pubmed_pmc_basevocab_cased/weights.tar.gz","1e-05","5","data/ner/NCBI-disease/train.txt"
"training","tk_sblremnqwmk4","","ex_rt311v6x4ewg",0.8183015141539988,0.7723447555139483,"/scibert/scibert_scivocab_cased/weights.tar.gz","5e-05","2","data/ner/JNLPBA/train.txt"
"training","tk_egkwdssu62wp","","ex_rst96dvpxyus",0.8840325410750817,0.8661866031186363,"/scibert/bertbase_basevocab_cased/weights.tar.gz","5e-05","3","data/ner/bc5cdr/train.txt"
"training","tk_vvj10n7ucbma","","ex_rsbuq2oly81j",0.7918859649122307,0.7541415249588093,"/scibert/biobert_pubmed_pmc_basevocab_cased/weights.tar.gz","5e-06","3","data/ner/JNLPBA/train.txt"
"training","tk_89pn574skt7r","","ex_rm7egob664ie",0.7021906453522295,0.6713286713286214,"/scibert/scibert_scivocab_cased/weights.tar.gz","5e-05","5","data/ner/sciie/train.txt"
"training","tk_6gymblorqtnp","","ex_rl5zm3b6p7e6",0.8616092434777564,0.853238506476963,"/scibert/bertbase_basevocab_cased/weights.tar.gz","5e-06","4","data/ner/bc5cdr/train.txt"
"training","tk_dutrcyy8dz6h","","ex_riob96434j2c",0.7933034248823222,0.7522342233674594,"/scibert/scibert_scivocab_cased/weights.tar.gz","5e-06","2","data/ner/JNLPBA/train.txt"
"training","tk_02v2xbkyd60t","","ex_rihq6qklvqzx",0.7033898305084245,0.6814946619216581,"/scibert/scibert_scivocab_cased/weights.tar.gz","5e-05","3","data/ner/sciie/train.txt"
"training","tk_ja7prpdmnocy","","ex_rd3o59k9yegr",0.8088733471751222,0.7648248346723009,"/scibert/scibert_scivocab_cased/weights.tar.gz","5e-05","5","data/ner/JNLPBA/train.txt"
"training","tk_zkvv863ox1vp","","ex_rbpuoqx1dt5d",0.8799497171589694,0.8940092165898116,"/scibert/scibert_scivocab_cased/weights.tar.gz","1e-05","3","data/ner/NCBI-disease/train.txt"
"training","tk_p19bno3808n3","","ex_r3txpgvntza1",0.87124999999995,0.8804902962205833,"/scibert/biobert_pubmed_pmc_basevocab_cased/weights.tar.gz","5e-05","5","data/ner/NCBI-disease/train.txt"
"training","tk_xsnabsgopn1i","","ex_qykvcstxbq1d",0.8812067881834823,0.8908252178369566,"/scibert/biobert_pubmed_pmc_basevocab_cased/weights.tar.gz","1e-05","5","data/ner/NCBI-disease/train.txt"
"training","tk_3ss0af6luw3e","","ex_qxn7j0h3ys9g",0.8827209167848945,0.8637500638112727,"/scibert/bertbase_basevocab_cased/weights.tar.gz","5e-05","3","data/ner/bc5cdr/train.txt"
"training","tk_bztynfbdr17s","","ex_qvyee3dgboj4",0.806201550387547,0.7717855968430938,"/scibert/biobert_pubmed_pmc_basevocab_cased/weights.tar.gz","1e-05","3","data/ner/JNLPBA/train.txt"
"training","tk_9f9hz1b8u8jq","","ex_qukpm3aze0kh",0.8707224334600259,0.8652555498192581,"/scibert/scibert_scivocab_cased/weights.tar.gz","1e-05","2","data/ner/NCBI-disease/train.txt"
"training","tk_pd6w6oya5aqf","","ex_qslt7w7i2jw0",0.8652751423149405,0.8810256410255909,"/scibert/scibert_scivocab_cased/weights.tar.gz","5e-05","3","data/ner/NCBI-disease/train.txt"
"training","tk_qi629himxfyw","","ex_qpse2bf6u9xv",0.7810599478713663,0.7449953635520148,"/scibert/bertbase_basevocab_cased/weights.tar.gz","5e-06","4","data/ner/JNLPBA/train.txt"
"training","tk_pg1jckg6levp","","ex_qlxc097llehs",0.8119760479041415,0.774811248495409,"/scibert/scibert_scivocab_cased/weights.tar.gz","1e-05","5","data/ner/JNLPBA/train.txt"
"training","tk_yqm3zpbrwiqo","","ex_qfmkhnb0egcu",0.8050382172461553,0.7536529927480832,"/scibert/bertbase_basevocab_cased/weights.tar.gz","5e-05","4","data/ner/JNLPBA/train.txt"
"training","tk_1g7tffo2a3uu","","ex_q8gqy672zdbg",0.6934306569342565,0.6648857227663496,"/scibert/scibert_scivocab_cased/weights.tar.gz","5e-05","2","data/ner/sciie/train.txt"
"training","tk_0mdl0k2rjo0e","","ex_q59rjg63vy7o",0.8764186633038591,0.8894628099173053,"/scibert/biobert_pubmed_pmc_basevocab_cased/weights.tar.gz","5e-05","3","data/ner/NCBI-disease/train.txt"
"training","tk_em3frdw36i5s","","ex_q2u0vkochust",0.8081774684644998,0.7596060179672627,"/scibert/scibert_scivocab_cased/weights.tar.gz","5e-05","4","data/ner/JNLPBA/train.txt"
"training","tk_7xmg9x06foit","","ex_pw9x07hiq3jk",0.9032597819789906,0.8915921288013812,"/scibert/biobert_pubmed_pmc_basevocab_cased/weights.tar.gz","5e-05","4","data/ner/bc5cdr/train.txt"
"training","tk_eowh17r3svfb","","ex_pvydt4t9dsfb",0.8090182773338671,0.768680138758829,"/scibert/scibert_scivocab_cased/weights.tar.gz","1e-05","2","data/ner/JNLPBA/train.txt"
"training","tk_s0dxns846bn6","","ex_psz07gmwqxo8",0.8423676012460558,0.8682328907047507,"/scibert/biobert_pubmed_pmc_basevocab_cased/weights.tar.gz","5e-06","2","data/ner/NCBI-disease/train.txt"
"training","tk_gxu1bt54zg62","","ex_plb5ni2c5r7n",0.5443940375890621,0.5277951280449222,"/scibert/bertbase_basevocab_cased/weights.tar.gz","5e-06","4","data/ner/sciie/train.txt"
"training","tk_en3kv7g6mtmw","","ex_pi661y7zbwxf",0.8836867520469793,0.8747317870644233,"/scibert/scibert_scivocab_cased/weights.tar.gz","5e-06","2","data/ner/bc5cdr/train.txt"
"training","tk_yfd1ov2i6uxy","","ex_phnk1mpxoixd",0.861520880947384,0.8487267582861263,"/scibert/bertbase_basevocab_cased/weights.tar.gz","5e-06","4","data/ner/bc5cdr/train.txt"
"training","tk_yzbzgbfuxhuu","","ex_pgl3lup04ky8",0.8773397469412864,0.8595511323245159,"/scibert/bertbase_basevocab_cased/weights.tar.gz","1e-05","4","data/ner/bc5cdr/train.txt"
"training","tk_j4ipkc8suibh","","ex_p8tcudccun3r",0.8450184501844519,0.8561260803253186,"/scibert/bertbase_basevocab_cased/weights.tar.gz","5e-06","3","data/ner/NCBI-disease/train.txt"
"training","tk_tzan66x2mxca","","ex_p8t8sw977kqv",0.864321608040151,0.8698807672368604,"/scibert/biobert_pubmed_pmc_basevocab_cased/weights.tar.gz","1e-05","2","data/ner/NCBI-disease/train.txt"
"training","tk_qb2dkenc61pf","","ex_p4aldutqlzdd",0.8626959247648401,0.8701500258664786,"/scibert/bertbase_basevocab_cased/weights.tar.gz","5e-05","4","data/ner/NCBI-disease/train.txt"
"training","tk_04tmokvqf45b","","ex_p2zcyvjhs1qy",0.7004169148302061,0.6781140861466322,"/scibert/scibert_scivocab_cased/weights.tar.gz","5e-05","4","data/ner/sciie/train.txt"
"training","tk_ebcpw9uh1kx8","","ex_p0wxldhk9er3",0.8121026090769069,0.7701124090808406,"/scibert/scibert_scivocab_cased/weights.tar.gz","1e-05","3","data/ner/JNLPBA/train.txt"
"training","tk_15r1n8hrcp9f","","ex_p071rmwk64je",0.6691495965238482,0.6287787182587167,"/scibert/bertbase_basevocab_cased/weights.tar.gz","5e-05","2","data/ner/sciie/train.txt"
"training","tk_e5oasuyddwi8","","ex_ovsnm5f6rv4l",0.5110533159947486,0.5009511731134569,"/scibert/biobert_pubmed_pmc_basevocab_cased/weights.tar.gz","5e-06","3","data/ner/sciie/train.txt"
"training","tk_ztpwa5248iol","","ex_ovri908r8pyc",0.8872062663184879,0.8784250050740318,"/scibert/biobert_pubmed_pmc_basevocab_cased/weights.tar.gz","5e-06","4","data/ner/bc5cdr/train.txt"
"training","tk_vr2jww3edjev","","ex_ov1c0ttdsxee",0.8850232460951284,0.8742307887910806,"/scibert/biobert_pubmed_pmc_basevocab_cased/weights.tar.gz","5e-06","3","data/ner/bc5cdr/train.txt"
"training","tk_4j3ynl242asf","","ex_oo2i48g1c9dc",0.8753953194180397,0.8836494105586378,"/scibert/scibert_scivocab_cased/weights.tar.gz","1e-05","4","data/ner/NCBI-disease/train.txt"
"training","tk_rwgdxvxgzgq7","","ex_omm06zcjm2jg",0.8645984644116537,0.8505144240467526,"/scibert/bertbase_basevocab_cased/weights.tar.gz","5e-06","5","data/ner/bc5cdr/train.txt"
"training","tk_8lowxb431p6z","","ex_oln12wx6ol03",0.8039237057220209,0.7652297437578041,"/scibert/scibert_scivocab_cased/weights.tar.gz","5e-06","4","data/ner/JNLPBA/train.txt"
"training","tk_1r9rzrv15lnz","","ex_ochdh1vedzkq",0.811670505648738,0.7641104631972216,"/scibert/scibert_scivocab_cased/weights.tar.gz","5e-05","5","data/ner/JNLPBA/train.txt"
"training","tk_knd8t2do1qug","","ex_oa1mzgbh1x5k",0.8601914326062579,0.8477708946886876,"/scibert/bertbase_basevocab_cased/weights.tar.gz","5e-06","4","data/ner/bc5cdr/train.txt"
"training","tk_rinrtk47t5ao","","ex_o95zhkta8moi",0.6998180715584702,0.6640857653364599,"/scibert/scibert_scivocab_cased/weights.tar.gz","1e-05","5","data/ner/sciie/train.txt"
"training","tk_e2tjkuo10dz6","","ex_nzxf8j1tbp7t",0.7010804321728191,0.6802919708028697,"/scibert/scibert_scivocab_cased/weights.tar.gz","5e-05","5","data/ner/sciie/train.txt"
"training","tk_5c4kg7ap8nyw","","ex_nre6bbwvlk8e",0.9011774600504125,0.8921413636594941,"/scibert/biobert_pubmed_pmc_basevocab_cased/weights.tar.gz","1e-05","5","data/ner/bc5cdr/train.txt"
"training","tk_s68i19nghn9m","","ex_no0r4507q1zx",0.6169278996864703,0.621546103694455,"/scibert/scibert_scivocab_cased/weights.tar.gz","1e-05","2","data/ner/sciie/train.txt"
"training","tk_p3cp7vsxml3n","","ex_nkzsokyqpdnk",0.8530510585304606,0.8578784757980961,"/scibert/bertbase_basevocab_cased/weights.tar.gz","5e-05","2","data/ner/NCBI-disease/train.txt"
"training","tk_04u945sf0bwe","","ex_nfnwglx1ijso",0.874921433060918,0.8830499742400323,"/scibert/biobert_pubmed_pmc_basevocab_cased/weights.tar.gz","5e-05","4","data/ner/NCBI-disease/train.txt"
"training","tk_v3ugo4ssj6wz","","ex_nbhitai7mblq",0.4408163265305627,0.432432432432383,"/scibert/biobert_pubmed_pmc_basevocab_cased/weights.tar.gz","5e-06","2","data/ner/sciie/train.txt"
"training","tk_s3errguc9grl","","ex_nbavns5beesl",0.7955090473075584,0.7555725943369895,"/scibert/bertbase_basevocab_cased/weights.tar.gz","1e-05","4","data/ner/JNLPBA/train.txt"
"training","tk_6zqhv4j8vvtj","","ex_n2gbmgzrq5pa",0.9072404155460134,0.8987646727151071,"/scibert/scibert_scivocab_cased/weights.tar.gz","5e-05","5","data/ner/bc5cdr/train.txt"
"training","tk_vxwzmumb3pti","","ex_mzf2ns5nnh9v",0.6867692307691807,0.6466526568597519,"/scibert/bertbase_basevocab_cased/weights.tar.gz","5e-05","3","data/ner/sciie/train.txt"
"training","tk_tgmovt1a37ew","","ex_myz35d99p842",0.43436426116833543,0.4339747843396985,"/scibert/bertbase_basevocab_cased/weights.tar.gz","5e-06","2","data/ner/sciie/train.txt"
"training","tk_gfwjq0xd948a","","ex_mjr7x88frfh0",0.8017024991814409,0.7662295081966713,"/scibert/biobert_pubmed_pmc_basevocab_cased/weights.tar.gz","5e-06","5","data/ner/JNLPBA/train.txt"
"training","tk_6no9sbx2ws8g","","ex_mj6hiojputyw",0.7858843905606774,0.7491431369348287,"/scibert/bertbase_basevocab_cased/weights.tar.gz","1e-05","2","data/ner/JNLPBA/train.txt"
"training","tk_a6m6og4l05l8","","ex_mip4b3mleoiu",0.8823529411764205,0.8847736625513903,"/scibert/biobert_pubmed_pmc_basevocab_cased/weights.tar.gz","5e-05","2","data/ner/NCBI-disease/train.txt"
"training","tk_h04hld5f95n0","","ex_mhxlk0ef1aj7",0.8619612742035727,0.86960933536271,"/scibert/scibert_scivocab_cased/weights.tar.gz","5e-06","3","data/ner/NCBI-disease/train.txt"
"training","tk_pb5ikiloixyt","","ex_mf9muzj4whzw",0.8573208722740931,0.858611825192752,"/scibert/bertbase_basevocab_cased/weights.tar.gz","1e-05","2","data/ner/NCBI-disease/train.txt"
"training","tk_34qimnw099ac","","ex_mdhjgjiolahd",0.7829373650107492,0.7455236028214369,"/scibert/bertbase_basevocab_cased/weights.tar.gz","5e-06","5","data/ner/JNLPBA/train.txt"
"training","tk_gznsmr1hx8w7","","ex_mbvbinghf928",0.8816078718726602,0.8659678404233166,"/scibert/bertbase_basevocab_cased/weights.tar.gz","1e-05","4","data/ner/bc5cdr/train.txt"
"training","tk_qt4wvmnfibof","","ex_mazki6ue66ho",0.6911764705881853,0.6620356387797749,"/scibert/biobert_pubmed_pmc_basevocab_cased/weights.tar.gz","5e-05","2","data/ner/sciie/train.txt"
"training","tk_ycb6eem0jw8m","","ex_m62k0bx4s5h3",0.8937220908851614,0.8850833248133638,"/scibert/scibert_scivocab_cased/weights.tar.gz","5e-06","5","data/ner/bc5cdr/train.txt"
"training","tk_cl2rkcigi587","","ex_m2euyp5jhm2m",0.8318804483187543,0.865989847715686,"/scibert/biobert_pubmed_pmc_basevocab_cased/weights.tar.gz","5e-06","2","data/ner/NCBI-disease/train.txt"
"training","tk_7sqkyq7eqo4k","","ex_m0jul550x7s5",0.79519665087579,0.7531251720909242,"/scibert/scibert_scivocab_cased/weights.tar.gz","5e-06","2","data/ner/JNLPBA/train.txt"
"training","tk_me3sd9bhh9jq","","ex_lxbkblg32eeu",0.859483301827297,0.8605619146721665,"/scibert/bertbase_basevocab_cased/weights.tar.gz","1e-05","3","data/ner/NCBI-disease/train.txt"
"training","tk_lt422xuz5e6r","","ex_lsm1vadu79so",0.8695106649936765,0.8614270941054307,"/scibert/bertbase_basevocab_cased/weights.tar.gz","5e-05","3","data/ner/NCBI-disease/train.txt"
"training","tk_o7seb8owi5ah","","ex_ls069q538bd4",0.8644278606964674,0.884242733299287,"/scibert/biobert_pubmed_pmc_basevocab_cased/weights.tar.gz","5e-06","4","data/ner/NCBI-disease/train.txt"
"training","tk_yx3goqna8pei","","ex_lothnk3r11hb",0.8912940681972915,0.8836019442312112,"/scibert/scibert_scivocab_cased/weights.tar.gz","5e-06","3","data/ner/bc5cdr/train.txt"
"training","tk_c2atnxvdab1o","","ex_ln3el43uomnq",0.8838574423479585,0.8768297036772082,"/scibert/biobert_pubmed_pmc_basevocab_cased/weights.tar.gz","5e-06","3","data/ner/bc5cdr/train.txt"
"training","tk_daxhp2o0npaq","","ex_ll5lhwesbuby",0.8605527638190453,0.8602150537633908,"/scibert/bertbase_basevocab_cased/weights.tar.gz","5e-05","3","data/ner/NCBI-disease/train.txt"
"training","tk_ni74xh9u6ebm","","ex_ljw9t93qxvv2",0.5776357827475538,0.5619018215498112,"/scibert/bertbase_basevocab_cased/weights.tar.gz","5e-06","5","data/ner/sciie/train.txt"
"training","tk_n9nm5u71xzra","","ex_li1q7t5dcooq",0.8902834431544318,0.8818785819343214,"/scibert/biobert_pubmed_pmc_basevocab_cased/weights.tar.gz","5e-06","5","data/ner/bc5cdr/train.txt"
"training","tk_1ynr1g51sgo7","","ex_lfr2htxuwrhs",0.7863433728389192,0.7478716437458572,"/scibert/bertbase_basevocab_cased/weights.tar.gz","1e-05","2","data/ner/JNLPBA/train.txt"
"training","tk_imp9phu9vjm6","","ex_lcgbtyjmm7kb",0.7962375587880941,0.7609697235629164,"/scibert/biobert_pubmed_pmc_basevocab_cased/weights.tar.gz","5e-06","4","data/ner/JNLPBA/train.txt"
"training","tk_7gq4ak4j6kfg","","ex_l7vqlhj9dqo8",0.8653010552451393,0.8890020366598278,"/scibert/biobert_pubmed_pmc_basevocab_cased/weights.tar.gz","1e-05","2","data/ner/NCBI-disease/train.txt"
"training","tk_6gplajosfmod","","ex_l75tlkrmqa4e",0.8442755245482919,0.8325431251890956,"/scibert/bertbase_basevocab_cased/weights.tar.gz","5e-06","2","data/ner/bc5cdr/train.txt"
"training","tk_l8v0wx87e9sn","","ex_l60c0gfiy0yp",0.8474400249246568,0.8354123529114191,"/scibert/bertbase_basevocab_cased/weights.tar.gz","5e-06","2","data/ner/bc5cdr/train.txt"
"training","tk_6xn2ygf7ok7u","","ex_l2o61zivhh86",0.6887661141804289,0.6424462609748214,"/scibert/scibert_scivocab_cased/weights.tar.gz","1e-05","3","data/ner/sciie/train.txt"
"training","tk_v61cf7mzvj2y","","ex_kz05ex1nnlxz",0.6917933130698587,0.6725611553197262,"/scibert/biobert_pubmed_pmc_basevocab_cased/weights.tar.gz","5e-05","5","data/ner/sciie/train.txt"
"training","tk_ddwpwrqj1xa0","","ex_ku5dv7wrlyqx",0.8423005565862208,0.8617558022199298,"/scibert/biobert_pubmed_pmc_basevocab_cased/weights.tar.gz","5e-06","2","data/ner/NCBI-disease/train.txt"
"training","tk_4fnccfy525oo","","ex_kp5dyvwaldov",0.8685208596712521,0.8803287108371354,"/scibert/scibert_scivocab_cased/weights.tar.gz","5e-06","5","data/ner/NCBI-disease/train.txt"
"training","tk_3js6nvmrifr9","","ex_kno7co9jhrqf",0.8814869730988698,0.8655085313675464,"/scibert/bertbase_basevocab_cased/weights.tar.gz","5e-05","4","data/ner/bc5cdr/train.txt"
"training","tk_qtmqytqolls0","","ex_kn68fawmlhxt",0.8982596351016903,0.8923312883435084,"/scibert/biobert_pubmed_pmc_basevocab_cased/weights.tar.gz","1e-05","5","data/ner/bc5cdr/train.txt"
"training","tk_f97ud79938zh","","ex_kli5f36tfpam",0.7850102891800649,0.7459524068238119,"/scibert/bertbase_basevocab_cased/weights.tar.gz","5e-06","5","data/ner/JNLPBA/train.txt"
"training","tk_4l7cpbqzfjmv","","ex_kigja9mlh5b9",0.8742964352719949,0.8879795396418937,"/scibert/scibert_scivocab_cased/weights.tar.gz","5e-05","5","data/ner/NCBI-disease/train.txt"
"training","tk_n61rdrq1u2fn","","ex_kf7xwqdug6yu",0.6337245213094002,0.6101181460163086,"/scibert/bertbase_basevocab_cased/weights.tar.gz","1e-05","4","data/ner/sciie/train.txt"
"training","tk_i7s5ml9ac4qh","","ex_kelun4n1uhz6",0.880952380952331,0.8852791878172088,"/scibert/biobert_pubmed_pmc_basevocab_cased/weights.tar.gz","1e-05","4","data/ner/NCBI-disease/train.txt"
"training","tk_13ddzmn0parx","","ex_kcxeemm0dxlb",0.7074500302846259,0.66985360023897,"/scibert/scibert_scivocab_cased/weights.tar.gz","1e-05","5","data/ner/sciie/train.txt"
"training","tk_eq6fe83lpxaa","","ex_kbafmnvvrt5r",0.8092789145420225,0.7724873542994884,"/scibert/biobert_pubmed_pmc_basevocab_cased/weights.tar.gz","5e-05","3","data/ner/JNLPBA/train.txt"
"training","tk_69h2smthxcsp","","ex_ka21086b0720",0.8104746317511775,0.7693827160493328,"/scibert/scibert_scivocab_cased/weights.tar.gz","1e-05","4","data/ner/JNLPBA/train.txt"
"training","tk_hw7wvks4e11r","","ex_jwpei470gmfi",0.8105986261039736,0.7702155596891941,"/scibert/biobert_pubmed_pmc_basevocab_cased/weights.tar.gz","1e-05","3","data/ner/JNLPBA/train.txt"
"training","tk_qoze7923ruac","","ex_jutu8fp9wqtp",0.8786816636149121,0.8609049313675149,"/scibert/bertbase_basevocab_cased/weights.tar.gz","1e-05","4","data/ner/bc5cdr/train.txt"
"training","tk_nb6sdjkurchk","","ex_jtxprzmrqsw0",0.5188067444876284,0.491968503936958,"/scibert/biobert_pubmed_pmc_basevocab_cased/weights.tar.gz","5e-06","3","data/ner/sciie/train.txt"
"training","tk_33zg4o564kfx","","ex_jq9da9zjnyvt",0.8568749999999501,0.8461810645503216,"/scibert/bertbase_basevocab_cased/weights.tar.gz","5e-06","3","data/ner/bc5cdr/train.txt"
"training","tk_dl6dhu8q65ro","","ex_jp1ihhb5fywc",0.8120267749368534,0.7671791480685013,"/scibert/scibert_scivocab_cased/weights.tar.gz","5e-05","4","data/ner/JNLPBA/train.txt"
"training","tk_mk5147px5u0n","","ex_jnzttovwbol0",0.6893203883494645,0.6525625744933947,"/scibert/scibert_scivocab_cased/weights.tar.gz","1e-05","4","data/ner/sciie/train.txt"
"training","tk_vspv3990tw5s","","ex_je1rt69ne50a",0.7631722482818306,0.7283552739388807,"/scibert/bertbase_basevocab_cased/weights.tar.gz","5e-06","2","data/ner/JNLPBA/train.txt"
"training","tk_46hn5yz3k3px","","ex_jcv2ucjev5r1",0.7759051864738001,0.739128062421514,"/scibert/bertbase_basevocab_cased/weights.tar.gz","5e-06","3","data/ner/JNLPBA/train.txt"
"training","tk_opck4nf80a1g","","ex_j698mi55yfxh",0.805424020662886,0.7560857127435137,"/scibert/bertbase_basevocab_cased/weights.tar.gz","5e-05","3","data/ner/JNLPBA/train.txt"
"training","tk_p886r1phyi5l","","ex_j5cmwhe88e0q",0.6387176325523544,0.623780487804828,"/scibert/scibert_scivocab_cased/weights.tar.gz","5e-06","5","data/ner/sciie/train.txt"
"training","tk_ryw31i8gpdz8","","ex_j2z6h45vabcj",0.8995341943679365,0.8912103746397195,"/scibert/biobert_pubmed_pmc_basevocab_cased/weights.tar.gz","5e-05","2","data/ner/bc5cdr/train.txt"
"training","tk_jbs800p4w8cz","","ex_j0ju4mtr2cu0",0.8026588209654071,0.7643095798871168,"/scibert/biobert_pubmed_pmc_basevocab_cased/weights.tar.gz","5e-06","5","data/ner/JNLPBA/train.txt"
"training","tk_jis3bwrc8dla","","ex_iz30umtgvqzu",0.8723135271807337,0.879222108495344,"/scibert/scibert_scivocab_cased/weights.tar.gz","5e-05","3","data/ner/NCBI-disease/train.txt"
"training","tk_cmwng5g00gvt","","ex_iruf40utcyd0",0.8841595111414977,0.8644857420774601,"/scibert/bertbase_basevocab_cased/weights.tar.gz","5e-05","5","data/ner/bc5cdr/train.txt"
"training","tk_hgqzvliqd1et","","ex_ipo8pbu4ews7",0.6250787649652935,0.5981424148606312,"/scibert/scibert_scivocab_cased/weights.tar.gz","5e-06","4","data/ner/sciie/train.txt"
"training","tk_w20b5kjo5ian","","ex_ihyclc0eue7p",0.781467013888839,0.7436890027806056,"/scibert/bertbase_basevocab_cased/weights.tar.gz","5e-06","4","data/ner/JNLPBA/train.txt"
"training","tk_r8ou1i7pwua9","","ex_idvvwg2t3s2y",0.902278749337523,0.895874061117349,"/scibert/biobert_pubmed_pmc_basevocab_cased/weights.tar.gz","1e-05","5","data/ner/bc5cdr/train.txt"
"training","tk_resys6620dt4","","ex_i9ukp279r1u4",0.9055751142871656,0.8950191570880727,"/scibert/biobert_pubmed_pmc_basevocab_cased/weights.tar.gz","5e-05","5","data/ner/bc5cdr/train.txt"
"training","tk_x9tmhn9z5edn","","ex_i0rkn6os8mwh",0.8016364440512548,0.7576644755012483,"/scibert/scibert_scivocab_cased/weights.tar.gz","5e-06","3","data/ner/JNLPBA/train.txt"
"training","tk_l2sckivd1thj","","ex_i024w7bclwtc",0.8680688336519575,0.8653745416447901,"/scibert/bertbase_basevocab_cased/weights.tar.gz","5e-05","4","data/ner/NCBI-disease/train.txt"
"training","tk_20arctf5popu","","ex_hx3sn7l8aile",0.6714888487039885,0.6507515473032215,"/scibert/bertbase_basevocab_cased/weights.tar.gz","5e-05","5","data/ner/sciie/train.txt"
"training","tk_gmh8ldk3f04t","","ex_hw2ykm62qt1t",0.6227013316423088,0.5884146341462916,"/scibert/bertbase_basevocab_cased/weights.tar.gz","1e-05","3","data/ner/sciie/train.txt"
"training","tk_66bahl043id0","","ex_hrufukeuxy0a",0.6777777777777277,0.6302192850705418,"/scibert/biobert_pubmed_pmc_basevocab_cased/weights.tar.gz","1e-05","4","data/ner/sciie/train.txt"
"training","tk_hz8e4hteqdsp","","ex_hpjnm6tdhwcn",0.7849994501264209,0.7505489679402224,"/scibert/biobert_pubmed_pmc_basevocab_cased/weights.tar.gz","5e-06","2","data/ner/JNLPBA/train.txt"
"training","tk_tis9nu08ezzl","","ex_hgyn9m82fjrl",0.8155170535032736,0.7641257560071425,"/scibert/biobert_pubmed_pmc_basevocab_cased/weights.tar.gz","5e-05","4","data/ner/JNLPBA/train.txt"
"training","tk_l6k4947k5xqt","","ex_hdqmbubabkxm",0.6221111805121298,0.5923195084484909,"/scibert/biobert_pubmed_pmc_basevocab_cased/weights.tar.gz","5e-06","5","data/ner/sciie/train.txt"
"training","tk_dkqi80oevumg","","ex_h5sqtv2fozu1",0.8068688186066233,0.7671471308131133,"/scibert/biobert_pubmed_pmc_basevocab_cased/weights.tar.gz","1e-05","5","data/ner/JNLPBA/train.txt"
"training","tk_fqaoj6ga2h2f","","ex_gzxkqzij0yy4",0.55999999999995,0.5431227957678246,"/scibert/scibert_scivocab_cased/weights.tar.gz","5e-06","2","data/ner/sciie/train.txt"
"training","tk_gq6chxlxv8ne","","ex_gw0u3ntib597",0.5667963683527385,0.5350518704809311,"/scibert/biobert_pubmed_pmc_basevocab_cased/weights.tar.gz","1e-05","2","data/ner/sciie/train.txt"
"training","tk_apeyphqrx6yy","","ex_gvwduoqwizj5",0.8967623058699158,0.8892306115125852,"/scibert/biobert_pubmed_pmc_basevocab_cased/weights.tar.gz","1e-05","2","data/ner/bc5cdr/train.txt"
"training","tk_e6ayq9o7iwvu","","ex_go4ii9j8vwmb",0.9042129309886341,0.8895778432283902,"/scibert/biobert_pubmed_pmc_basevocab_cased/weights.tar.gz","5e-05","5","data/ner/bc5cdr/train.txt"
"training","tk_o2tyxpchfl92","","ex_gkj0ggdxm8q8",0.5280612244897459,0.5040548970679476,"/scibert/bertbase_basevocab_cased/weights.tar.gz","1e-05","2","data/ner/sciie/train.txt"
"training","tk_r10qr0bewc7w","","ex_ghvx97m44a3p",0.7137546468400985,0.6837138508370886,"/scibert/scibert_scivocab_cased/weights.tar.gz","5e-05","5","data/ner/sciie/train.txt"
"training","tk_marps0xnylyo","","ex_ggdw924d7aum",0.8065852594853404,0.7654889071486765,"/scibert/scibert_scivocab_cased/weights.tar.gz","5e-06","4","data/ner/JNLPBA/train.txt"
"training","tk_cdfu7bv62onu","","ex_gfl3j7ukkx4d",0.8585669781930964,0.8641975308641474,"/scibert/bertbase_basevocab_cased/weights.tar.gz","1e-05","5","data/ner/NCBI-disease/train.txt"
"training","tk_epe41t0l2b1g","","ex_gdw6vscjn2cf",0.6021505376343586,0.5763335377068783,"/scibert/biobert_pubmed_pmc_basevocab_cased/weights.tar.gz","5e-06","5","data/ner/sciie/train.txt"
"training","tk_arh30tux587l","","ex_gazubpey9imy",0.8443893366397516,0.8329896907215995,"/scibert/bertbase_basevocab_cased/weights.tar.gz","5e-06","2","data/ner/NCBI-disease/train.txt"
"training","tk_me7050bj8mpd","","ex_gaakad59bfiu",0.8077636026605104,0.7675208059570242,"/scibert/scibert_scivocab_cased/weights.tar.gz","5e-06","5","data/ner/JNLPBA/train.txt"
"training","tk_17v1m3i8ief2","","ex_g9ta7g3hpbcj",0.8638083228246662,0.8701973001037921,"/scibert/bertbase_basevocab_cased/weights.tar.gz","1e-05","5","data/ner/NCBI-disease/train.txt"
"training","tk_831hgwx2f26y","","ex_g8lcquhhjtjo",0.8966713992742836,0.8870382670004098,"/scibert/biobert_pubmed_pmc_basevocab_cased/weights.tar.gz","1e-05","2","data/ner/bc5cdr/train.txt"
"training","tk_380sl8gejyjc","","ex_g89azy4rq1qf",0.9035978835978336,0.8952273078308721,"/scibert/scibert_scivocab_cased/weights.tar.gz","5e-05","3","data/ner/bc5cdr/train.txt"
"training","tk_9rdivl343kv7","","ex_g7j6puhcq8ko",0.7906824146981127,0.7518962295261675,"/scibert/bertbase_basevocab_cased/weights.tar.gz","1e-05","3","data/ner/JNLPBA/train.txt"
"training","tk_k770au42nag7","","ex_g03tu9m53wzt",0.5534672715488808,0.5562539283469019,"/scibert/biobert_pubmed_pmc_basevocab_cased/weights.tar.gz","1e-05","2","data/ner/sciie/train.txt"
"training","tk_xl19cgkojwxw","","ex_fzgdmr56b027",0.6770186335403227,0.635588056063326,"/scibert/biobert_pubmed_pmc_basevocab_cased/weights.tar.gz","1e-05","4","data/ner/sciie/train.txt"
"training","tk_ta206s23fnha","","ex_fwm2frmpazgl",0.9066273000474009,0.8942989843310887,"/scibert/biobert_pubmed_pmc_basevocab_cased/weights.tar.gz","5e-05","5","data/ner/bc5cdr/train.txt"
"training","tk_03wt30a5doqi","","ex_ftoc00kbqc1s",0.5083655083654584,0.474533375514028,"/scibert/bertbase_basevocab_cased/weights.tar.gz","5e-06","3","data/ner/sciie/train.txt"
"training","tk_sk2il53r49e6","","ex_fpbz7pfoap7h",0.8085664335663836,0.7677055376019659,"/scibert/scibert_scivocab_cased/weights.tar.gz","1e-05","2","data/ner/JNLPBA/train.txt"
"training","tk_2gk60r5qoyxk","","ex_fol0mtj2ej2x",0.874921433060918,0.8893442622950319,"/scibert/scibert_scivocab_cased/weights.tar.gz","1e-05","5","data/ner/NCBI-disease/train.txt"
"training","tk_7sv50dw9ow63","","ex_fl4ot33112pw",0.8937705946963255,0.8869644949314361,"/scibert/scibert_scivocab_cased/weights.tar.gz","5e-06","4","data/ner/bc5cdr/train.txt"
"training","tk_gmkjzd0b115g","","ex_fkus3laa51av",0.8811630847028578,0.8847926267280605,"/scibert/scibert_scivocab_cased/weights.tar.gz","1e-05","5","data/ner/NCBI-disease/train.txt"
"training","tk_nu510fyc1dax","","ex_fgndrl17jklz",0.9061724483868764,0.898306824012264,"/scibert/scibert_scivocab_cased/weights.tar.gz","5e-05","5","data/ner/bc5cdr/train.txt"
"training","tk_p4vygpepoeg9","","ex_fcusb0x6ieu0",0.8049528818759089,0.7595228934204965,"/scibert/scibert_scivocab_cased/weights.tar.gz","5e-06","4","data/ner/JNLPBA/train.txt"
"training","tk_opqbs9d3htjq","","ex_f9uti74rsjkq",0.8566108007448289,0.8673835125447529,"/scibert/bertbase_basevocab_cased/weights.tar.gz","1e-05","3","data/ner/NCBI-disease/train.txt"
"training","tk_2kw3xvyugcau","","ex_f9h2ol80mt09",0.846957590657602,0.848854961832011,"/scibert/bertbase_basevocab_cased/weights.tar.gz","5e-06","4","data/ner/NCBI-disease/train.txt"
"training","tk_jdeneg0zzzxj","","ex_f8l2pqlekf3l",0.7770603042573649,0.7377499450669683,"/scibert/bertbase_basevocab_cased/weights.tar.gz","5e-06","3","data/ner/JNLPBA/train.txt"
"training","tk_olr66cv32pkj","","ex_f8gfopyg8fqg",0.8659666460777757,0.8679245283018368,"/scibert/bertbase_basevocab_cased/weights.tar.gz","1e-05","4","data/ner/NCBI-disease/train.txt"
"training","tk_ffxjanafan4i","","ex_f65njtuarp25",0.5987261146496314,0.5836990595610787,"/scibert/scibert_scivocab_cased/weights.tar.gz","5e-06","3","data/ner/sciie/train.txt"
"training","tk_0o8uec5hhjlu","","ex_f3e01ddnxq06",0.905829596412506,0.8978546925400146,"/scibert/scibert_scivocab_cased/weights.tar.gz","5e-05","5","data/ner/bc5cdr/train.txt"
"training","tk_j1r5z169jetu","","ex_f20vs8z41kt0",0.8748626157952084,0.8624853518112305,"/scibert/bertbase_basevocab_cased/weights.tar.gz","1e-05","3","data/ner/bc5cdr/train.txt"
"training","tk_vidta86oy9xk","","ex_f09n116uuo18",0.8555555555555056,0.8694316436251419,"/scibert/bertbase_basevocab_cased/weights.tar.gz","1e-05","4","data/ner/NCBI-disease/train.txt"
"training","tk_jbstnaoled9x","","ex_ezcl44guujhw",0.8951651005301615,0.8851989986204988,"/scibert/scibert_scivocab_cased/weights.tar.gz","5e-06","4","data/ner/bc5cdr/train.txt"
"training","tk_krdm1i01irrn","","ex_eynqhtje2cj3",0.7991261605679457,0.7639010507880413,"/scibert/biobert_pubmed_pmc_basevocab_cased/weights.tar.gz","5e-06","4","data/ner/JNLPBA/train.txt"
"training","tk_7e2q8qvs0d3v","","ex_eygp9koig4yc",0.810231744643588,0.7743815283122095,"/scibert/scibert_scivocab_cased/weights.tar.gz","1e-05","3","data/ner/JNLPBA/train.txt"
"training","tk_bl2rnxushpea","","ex_ews16bjdak3a",0.7831560668547363,0.743152736182907,"/scibert/bertbase_basevocab_cased/weights.tar.gz","5e-06","5","data/ner/JNLPBA/train.txt"
"training","tk_f9ie5w5ex0jt","","ex_eo5n5d8dfp94",0.7957152131572754,0.7559157917640802,"/scibert/bertbase_basevocab_cased/weights.tar.gz","1e-05","5","data/ner/JNLPBA/train.txt"
"training","tk_wwer2ithk06p","","ex_endien1wxjg4",0.8702194357366271,0.8753180661577108,"/scibert/scibert_scivocab_cased/weights.tar.gz","5e-06","5","data/ner/NCBI-disease/train.txt"
"training","tk_v29wpxph1v01","","ex_ek5zbem5zy95",0.8670377241805313,0.8663594470045582,"/scibert/bertbase_basevocab_cased/weights.tar.gz","1e-05","5","data/ner/NCBI-disease/train.txt"
"training","tk_owxe5djrj16w","","ex_ek5rci6pfp7z",0.8727959697732497,0.8902564102563602,"/scibert/biobert_pubmed_pmc_basevocab_cased/weights.tar.gz","5e-05","5","data/ner/NCBI-disease/train.txt"
"training","tk_nm4v5bb4alkr","","ex_ejs6lr31y0fq",0.7062386432464672,0.6544270062184873,"/scibert/biobert_pubmed_pmc_basevocab_cased/weights.tar.gz","5e-05","3","data/ner/sciie/train.txt"
"training","tk_ewad62bsl0rf","","ex_ein7dmlwnl6a",0.787248028045524,0.7556799473163809,"/scibert/biobert_pubmed_pmc_basevocab_cased/weights.tar.gz","5e-06","2","data/ner/JNLPBA/train.txt"
"training","tk_eqicrhrvvc7g","","ex_ehpymd2my360",0.896577029931281,0.888299770583687,"/scibert/scibert_scivocab_cased/weights.tar.gz","1e-05","2","data/ner/bc5cdr/train.txt"
"training","tk_8rs335yvcbes","","ex_efv0ovxhh9by",0.6955460646735313,0.66029279952191,"/scibert/scibert_scivocab_cased/weights.tar.gz","1e-05","4","data/ner/sciie/train.txt"
"training","tk_qrhkfbrljmlo","","ex_ee4uxb8v0ss4",0.6796827333739585,0.646052236565546,"/scibert/biobert_pubmed_pmc_basevocab_cased/weights.tar.gz","1e-05","4","data/ner/sciie/train.txt"
"training","tk_ymqrqral0asd","","ex_e9uzvzxf8ht0",0.6996978851963245,0.662533215234671,"/scibert/biobert_pubmed_pmc_basevocab_cased/weights.tar.gz","5e-05","3","data/ner/sciie/train.txt"
"training","tk_mrlwhda70m2e","","ex_e3qv1fznkh3h",0.8133333333332834,0.772517066725341,"/scibert/biobert_pubmed_pmc_basevocab_cased/weights.tar.gz","5e-05","2","data/ner/JNLPBA/train.txt"
"training","tk_q62ssc2u5pk5","","ex_e1k06b1n5pw0",0.8731362804080066,0.8579995934132455,"/scibert/bertbase_basevocab_cased/weights.tar.gz","1e-05","3","data/ner/bc5cdr/train.txt"
"training","tk_jfuwhzgeu1fr","","ex_dzgimpr6keuv",0.6984894259818231,0.6791890280261874,"/scibert/scibert_scivocab_cased/weights.tar.gz","5e-05","2","data/ner/sciie/train.txt"
"training","tk_cp1rrn1eizld","","ex_dtdg9qhka0o7",0.9036864653302511,0.8979654747225149,"/scibert/scibert_scivocab_cased/weights.tar.gz","1e-05","4","data/ner/bc5cdr/train.txt"
"training","tk_lr1r8vfaon24","","ex_dn5hsqvm4bwg",0.6596404215746555,0.6349302607640496,"/scibert/bertbase_basevocab_cased/weights.tar.gz","1e-05","5","data/ner/sciie/train.txt"
"training","tk_cpdp16y8dzhd","","ex_dibml5zmh6y3",0.8103788044667773,0.7730667838312331,"/scibert/scibert_scivocab_cased/weights.tar.gz","5e-05","2","data/ner/JNLPBA/train.txt"
"training","tk_qg1dl48s0xzp","","ex_dfrsrxuluxci",0.6394052044609165,0.6124314442412663,"/scibert/bertbase_basevocab_cased/weights.tar.gz","5e-05","2","data/ner/sciie/train.txt"
"training","tk_e7p2czf4u1ck","","ex_dd6vb16b1nqh",0.8880122034611042,0.8808767796783277,"/scibert/scibert_scivocab_cased/weights.tar.gz","5e-06","3","data/ner/bc5cdr/train.txt"
"training","tk_4tog0qs2ptwd","","ex_d6vtn6f801kw",0.6912386706948139,0.6628979470395217,"/scibert/biobert_pubmed_pmc_basevocab_cased/weights.tar.gz","5e-05","4","data/ner/sciie/train.txt"
"training","tk_imp38r3xenll","","ex_d6469qtorygr",0.8691823899370568,0.8814776808619306,"/scibert/scibert_scivocab_cased/weights.tar.gz","5e-06","4","data/ner/NCBI-disease/train.txt"
"training","tk_brqdawrl2ybi","","ex_d4wkmow28g4s",0.8092307692307192,0.7696032575798765,"/scibert/scibert_scivocab_cased/weights.tar.gz","5e-05","3","data/ner/JNLPBA/train.txt"
"training","tk_91grzkply90d","","ex_d1yb0jj34ijj",0.8092586526912919,0.769948414004999,"/scibert/biobert_pubmed_pmc_basevocab_cased/weights.tar.gz","5e-05","2","data/ner/JNLPBA/train.txt"
"training","tk_6s28kg8bfvq2","","ex_cyphl2k5g8cc",0.8047608648175958,0.7638858397365034,"/scibert/biobert_pubmed_pmc_basevocab_cased/weights.tar.gz","1e-05","2","data/ner/JNLPBA/train.txt"
"training","tk_qqmfo9t4ho7v","","ex_cxg193euaflk",0.87000634115404,0.8741584671154341,"/scibert/scibert_scivocab_cased/weights.tar.gz","5e-05","4","data/ner/NCBI-disease/train.txt"
"training","tk_mc30f9xknznl","","ex_cp6gwemiyr0l",0.6429883649723932,0.6275695284159113,"/scibert/scibert_scivocab_cased/weights.tar.gz","5e-06","5","data/ner/sciie/train.txt"
"training","tk_xjzvbtwi7c28","","ex_cml90a92g4ab",0.8015242242786653,0.7592854808843854,"/scibert/bertbase_basevocab_cased/weights.tar.gz","5e-05","4","data/ner/JNLPBA/train.txt"
"training","tk_cooyypwtxb8q","","ex_ckqlqwoh19pj",0.5941845764854115,0.5822706065318319,"/scibert/scibert_scivocab_cased/weights.tar.gz","5e-06","3","data/ner/sciie/train.txt"
"training","tk_btcnj448gbpk","","ex_ckekx58h2ivw",0.8714733542319247,0.8671834625322498,"/scibert/bertbase_basevocab_cased/weights.tar.gz","1e-05","4","data/ner/NCBI-disease/train.txt"
"training","tk_so4b49smkmwl","","ex_cjz7dhxa5xz2",0.8082176811276957,0.7664033355277097,"/scibert/scibert_scivocab_cased/weights.tar.gz","5e-06","5","data/ner/JNLPBA/train.txt"
"training","tk_yk74xibxvuth","","ex_cjhc2hix2325",0.8670544245948815,0.8526975146493743,"/scibert/bertbase_basevocab_cased/weights.tar.gz","1e-05","2","data/ner/bc5cdr/train.txt"
"training","tk_mc0lykzs51zo","","ex_ci3230va1v4s",0.906003702724097,0.8981581242624301,"/scibert/biobert_pubmed_pmc_basevocab_cased/weights.tar.gz","5e-05","3","data/ner/bc5cdr/train.txt"
"training","tk_s5c3j7efiy88","","ex_chlfbp8sim3b",0.7105575326215396,0.6722737819025023,"/scibert/scibert_scivocab_cased/weights.tar.gz","5e-05","4","data/ner/sciie/train.txt"
"training","tk_cfnt5lec854r","","ex_ch7hd4h9g73l",0.6956521739129934,0.6633165829145229,"/scibert/biobert_pubmed_pmc_basevocab_cased/weights.tar.gz","5e-05","4","data/ner/sciie/train.txt"
"training","tk_nepkinuwxyh9","","ex_caontetdiyaz",0.8997698263234487,0.8909682668835952,"/scibert/biobert_pubmed_pmc_basevocab_cased/weights.tar.gz","1e-05","4","data/ner/bc5cdr/train.txt"
"training","tk_yycnmi5dxr7x","","ex_c7xfaqi0x0bx",0.8050425743668637,0.7756832124929787,"/scibert/biobert_pubmed_pmc_basevocab_cased/weights.tar.gz","5e-05","4","data/ner/JNLPBA/train.txt"
"training","tk_zjj8vx18t9x2","","ex_c0wn845mtb55",0.8805124675736702,0.8681629089414528,"/scibert/bertbase_basevocab_cased/weights.tar.gz","5e-05","3","data/ner/bc5cdr/train.txt"
"training","tk_byecopmnwzf0","","ex_c0fxcmstwiks",0.8751576292559398,0.878648233486893,"/scibert/scibert_scivocab_cased/weights.tar.gz","1e-05","2","data/ner/NCBI-disease/train.txt"
"training","tk_mk9f510wo408","","ex_bt6tjufj5k8e",0.8049047514779443,0.767219597934697,"/scibert/biobert_pubmed_pmc_basevocab_cased/weights.tar.gz","1e-05","3","data/ner/JNLPBA/train.txt"
"training","tk_qz6qa3h2dbli","","ex_bspsue344soy",0.7075075075074575,0.6524032825321893,"/scibert/scibert_scivocab_cased/weights.tar.gz","1e-05","5","data/ner/sciie/train.txt"
"training","tk_2b4268ae53av","","ex_bqqtubkmwrir",0.8873505349275772,0.8784757981461909,"/scibert/biobert_pubmed_pmc_basevocab_cased/weights.tar.gz","5e-05","3","data/ner/NCBI-disease/train.txt"
"training","tk_774xkltzr0ct","","ex_bngvxuln5a06",0.812431604289729,0.7703491573961392,"/scibert/scibert_scivocab_cased/weights.tar.gz","1e-05","4","data/ner/JNLPBA/train.txt"
"training","tk_9xlt41qoccer","","ex_bj9cmsr0kcrp",0.8041598248494302,0.7567836418899752,"/scibert/bertbase_basevocab_cased/weights.tar.gz","5e-05","5","data/ner/JNLPBA/train.txt"
"training","tk_s73mqybrx4wp","","ex_bj1x7txbul71",0.9035318924617319,0.8958034800408916,"/scibert/scibert_scivocab_cased/weights.tar.gz","1e-05","5","data/ner/bc5cdr/train.txt"
"training","tk_z0iicdw0g1dz","","ex_bil6fuuziwd1",0.8647313156268801,0.8743667679837392,"/scibert/biobert_pubmed_pmc_basevocab_cased/weights.tar.gz","5e-06","4","data/ner/NCBI-disease/train.txt"
"training","tk_27kp7q559c7y","","ex_bac8gd1ouqg0",0.8945431605508911,0.8889570552146739,"/scibert/biobert_pubmed_pmc_basevocab_cased/weights.tar.gz","1e-05","2","data/ner/bc5cdr/train.txt"
"training","tk_7ok2tv5lxf9e","","ex_b7x2xyitw4f4",0.8797507788161493,0.8851282051281552,"/scibert/biobert_pubmed_pmc_basevocab_cased/weights.tar.gz","5e-05","4","data/ner/NCBI-disease/train.txt"
"training","tk_bgh6vbcryrbu","","ex_b6exfrxv972e",0.9040586485337366,0.898574674653947,"/scibert/scibert_scivocab_cased/weights.tar.gz","5e-05","3","data/ner/bc5cdr/train.txt"
"training","tk_fkz3543nzutr","","ex_b50plbcfpx4x",0.8262213976499191,0.8303616912887936,"/scibert/bertbase_basevocab_cased/weights.tar.gz","5e-06","2","data/ner/NCBI-disease/train.txt"
"training","tk_kojkzbsdbih2","","ex_b1myrgjllb9s",0.4504881450487652,0.44885598923279074,"/scibert/biobert_pubmed_pmc_basevocab_cased/weights.tar.gz","5e-06","2","data/ner/sciie/train.txt"
"training","tk_xtz3lizgpj9u","","ex_b18f3008n3x7",0.8125476527610872,0.7653713723560741,"/scibert/scibert_scivocab_cased/weights.tar.gz","1e-05","5","data/ner/JNLPBA/train.txt"
"training","tk_4o5hjd8o4x7f","","ex_aktc42bt9ptb",0.8663793103447777,0.8566324707803309,"/scibert/bertbase_basevocab_cased/weights.tar.gz","1e-05","2","data/ner/bc5cdr/train.txt"
"training","tk_p7c6rzpz0p60","","ex_aht5xaliabgu",0.5481386392810796,0.5274314214463341,"/scibert/bertbase_basevocab_cased/weights.tar.gz","5e-06","4","data/ner/sciie/train.txt"
"training","tk_7gdstwsrcnos","","ex_aegsqtv3mmso",0.8755539335800554,0.859531772575201,"/scibert/bertbase_basevocab_cased/weights.tar.gz","1e-05","3","data/ner/bc5cdr/train.txt"
"training","tk_9pmgipijvs9t","","ex_a8asghp6a67p",0.7138499084807308,0.6694661067785944,"/scibert/biobert_pubmed_pmc_basevocab_cased/weights.tar.gz","5e-05","3","data/ner/sciie/train.txt"
"training","tk_xm6qlzi7rhoy","","ex_9ogx9qsihu2x",0.8982105263157396,0.8916709248849781,"/scibert/biobert_pubmed_pmc_basevocab_cased/weights.tar.gz","1e-05","4","data/ner/bc5cdr/train.txt"
"training","tk_afwv3vq0lv0r","","ex_9kiupw8as95y",0.6662576687116064,0.6285373845695061,"/scibert/bertbase_basevocab_cased/weights.tar.gz","1e-05","5","data/ner/sciie/train.txt"
"training","tk_le24qc2g9z7s","","ex_9jse1wwlk857",0.865064695009192,0.8680981595091525,"/scibert/bertbase_basevocab_cased/weights.tar.gz","1e-05","3","data/ner/NCBI-disease/train.txt"
"training","tk_z6yue8rpvy80","","ex_9jau1v7mqkq0",0.8096848075034946,0.7634800587626686,"/scibert/scibert_scivocab_cased/weights.tar.gz","5e-05","3","data/ner/JNLPBA/train.txt"
"training","tk_f3z3k6s5xisk","","ex_9ijtlqrqfj5q",0.8744534665833353,0.8818088386433209,"/scibert/scibert_scivocab_cased/weights.tar.gz","5e-05","2","data/ner/NCBI-disease/train.txt"
"training","tk_og2o2dhmduus","","ex_9f5h6law0ano",0.6065162907267669,0.5750385208011828,"/scibert/biobert_pubmed_pmc_basevocab_cased/weights.tar.gz","5e-06","5","data/ner/sciie/train.txt"
"training","tk_rlbovbxmf82o","","ex_9d62ti8dpq10",0.8060189728491486,0.7686493591849649,"/scibert/scibert_scivocab_cased/weights.tar.gz","5e-06","5","data/ner/JNLPBA/train.txt"
"training","tk_9mmx3pxfsmiz","","ex_9d5u4mxfwgcv",0.5400516795865133,0.531881804043496,"/scibert/bertbase_basevocab_cased/weights.tar.gz","5e-06","4","data/ner/sciie/train.txt"
"training","tk_ofx9vse4esnt","","ex_9cwy08hkvw4n",0.8601615910502918,0.8709349593495435,"/scibert/biobert_pubmed_pmc_basevocab_cased/weights.tar.gz","5e-06","3","data/ner/NCBI-disease/train.txt"
"training","tk_kbwcfux1teah","","ex_9cnio0s2a6po",0.647940074906317,0.6076103500760536,"/scibert/biobert_pubmed_pmc_basevocab_cased/weights.tar.gz","1e-05","3","data/ner/sciie/train.txt"
"training","tk_1tsn2lt9rits","","ex_9bgo52perllg",0.795658846744085,0.7592297986723953,"/scibert/biobert_pubmed_pmc_basevocab_cased/weights.tar.gz","5e-06","3","data/ner/JNLPBA/train.txt"
"training","tk_f8sbbn8ikygq","","ex_9a3o7wcybdhi",0.9050421504691724,0.8966157655798097,"/scibert/biobert_pubmed_pmc_basevocab_cased/weights.tar.gz","5e-05","3","data/ner/bc5cdr/train.txt"
"training","tk_ldfqcqyvhmdc","","ex_965cq4n27000",0.45578231292512045,0.45146429746622235,"/scibert/biobert_pubmed_pmc_basevocab_cased/weights.tar.gz","5e-06","2","data/ner/sciie/train.txt"
"training","tk_6k9xzyj1dxl1","","ex_938u7k1dfy4s",0.6717460317459818,0.6415560358134729,"/scibert/bertbase_basevocab_cased/weights.tar.gz","5e-05","3","data/ner/sciie/train.txt"
"training","tk_ajo4e0wi38ka","","ex_91kc8fk6hpdp",0.904668330766321,0.8965766137347406,"/scibert/biobert_pubmed_pmc_basevocab_cased/weights.tar.gz","5e-05","2","data/ner/bc5cdr/train.txt"
"training","tk_9ssc8sdxod33","","ex_8xhxe5h34t2e",0.8792569659442224,0.8934217236103528,"/scibert/biobert_pubmed_pmc_basevocab_cased/weights.tar.gz","1e-05","4","data/ner/NCBI-disease/train.txt"
"training","tk_36p3tsi69raf","","ex_8uaq98xwb5a3",0.4472800537272841,0.43382113821133256,"/scibert/bertbase_basevocab_cased/weights.tar.gz","5e-06","2","data/ner/sciie/train.txt"
"training","tk_9yi2mfppcgbx","","ex_8tn8a8ic48dh",0.8617482951022438,0.8612686952036632,"/scibert/bertbase_basevocab_cased/weights.tar.gz","5e-05","2","data/ner/NCBI-disease/train.txt"
"training","tk_iq5osc710k8y","","ex_8o0s4ba2u4r5",0.8123249299719387,0.7629413038769265,"/scibert/biobert_pubmed_pmc_basevocab_cased/weights.tar.gz","5e-05","4","data/ner/JNLPBA/train.txt"
"training","tk_x55cl45tozhf","","ex_8nhu83an9s9v",0.7009456264774914,0.6716633035456405,"/scibert/scibert_scivocab_cased/weights.tar.gz","5e-05","3","data/ner/sciie/train.txt"
"training","tk_c2i8e2llq9cp","","ex_8iohmkk6o0bz",0.8715672966481697,0.8676545214654935,"/scibert/biobert_pubmed_pmc_basevocab_cased/weights.tar.gz","5e-06","2","data/ner/bc5cdr/train.txt"
"training","tk_ppt2sbyymgoi","","ex_8gv86faqblqe",0.8746867167919299,0.8924675324674823,"/scibert/biobert_pubmed_pmc_basevocab_cased/weights.tar.gz","5e-05","2","data/ner/NCBI-disease/train.txt"
"training","tk_icn6lbnjxy23","","ex_8awm9u48atz5",0.8890285415029614,0.8803171215123758,"/scibert/biobert_pubmed_pmc_basevocab_cased/weights.tar.gz","5e-06","4","data/ner/bc5cdr/train.txt"
"training","tk_z3wgin4prvyl","","ex_7zp3ux4uu5hi",0.898184688239887,0.8905281491726359,"/scibert/scibert_scivocab_cased/weights.tar.gz","1e-05","2","data/ner/bc5cdr/train.txt"
"training","tk_0ibuihkiq9lr","","ex_7zo58l4g8p24",0.8594527363183578,0.8763358778625453,"/scibert/biobert_pubmed_pmc_basevocab_cased/weights.tar.gz","5e-06","3","data/ner/NCBI-disease/train.txt"
"training","tk_yxoepwsm6g31","","ex_7vwvypisdz3b",0.8737499999999498,0.8917262512767631,"/scibert/biobert_pubmed_pmc_basevocab_cased/weights.tar.gz","1e-05","2","data/ner/NCBI-disease/train.txt"
"training","tk_ir9t1k4dnl8x","","ex_7o8daoa27m1d",0.84794952681383,0.8687179487178988,"/scibert/scibert_scivocab_cased/weights.tar.gz","5e-06","2","data/ner/NCBI-disease/train.txt"
"training","tk_b95tuhqtldzc","","ex_7kp18ezjj09c",0.5546975546975047,0.5372188786822436,"/scibert/scibert_scivocab_cased/weights.tar.gz","5e-06","2","data/ner/sciie/train.txt"
"training","tk_wylpk9a3luo9","","ex_7j0tixj2jpwq",0.6997578692493446,0.6656716417909948,"/scibert/scibert_scivocab_cased/weights.tar.gz","1e-05","4","data/ner/sciie/train.txt"
"training","tk_t2iydrwjhrfh","","ex_7fenr9tif45n",0.8659223706176462,0.8542204668590316,"/scibert/bertbase_basevocab_cased/weights.tar.gz","5e-06","5","data/ner/bc5cdr/train.txt"
"training","tk_mrq04xcshjz0","","ex_7buztl0w47di",0.7762008733623954,0.7403877752217707,"/scibert/bertbase_basevocab_cased/weights.tar.gz","5e-06","3","data/ner/JNLPBA/train.txt"
"training","tk_5blcv5n53zq0","","ex_7931ggaeqjtl",0.5901639344261794,0.5641025641025141,"/scibert/bertbase_basevocab_cased/weights.tar.gz","5e-06","5","data/ner/sciie/train.txt"
"training","tk_tfhw2jwmf2nj","","ex_76h9qv4u2am4",0.8803039898669544,0.883673469387705,"/scibert/scibert_scivocab_cased/weights.tar.gz","1e-05","5","data/ner/NCBI-disease/train.txt"
"training","tk_cu9eng47scqo","","ex_7636oaq8bbsd",0.8030896431679222,0.7556331496535047,"/scibert/bertbase_basevocab_cased/weights.tar.gz","5e-05","5","data/ner/JNLPBA/train.txt"
"training","tk_zuurhs5wmta8","","ex_7621mvpzz6dt",0.6002490660024405,0.5721226844821851,"/scibert/bertbase_basevocab_cased/weights.tar.gz","1e-05","3","data/ner/sciie/train.txt"
"training","tk_9uhpxfexk3en","","ex_71k73niuumiu",0.9017610863568352,0.8903479294834842,"/scibert/biobert_pubmed_pmc_basevocab_cased/weights.tar.gz","5e-05","3","data/ner/bc5cdr/train.txt"
"training","tk_wlwp8h8x3b5a","","ex_71ck2fh61zvd",0.8784234783068844,0.8676599474144987,"/scibert/bertbase_basevocab_cased/weights.tar.gz","5e-05","5","data/ner/bc5cdr/train.txt"
"training","tk_e4iawpyyhqct","","ex_6y368quj1fsg",0.6359676415680893,0.6200122774707911,"/scibert/scibert_scivocab_cased/weights.tar.gz","5e-06","4","data/ner/sciie/train.txt"
"training","tk_igu5cpuxad74","","ex_6szr2ivadugo",0.8946735664627592,0.8891711977234116,"/scibert/scibert_scivocab_cased/weights.tar.gz","5e-06","5","data/ner/bc5cdr/train.txt"
"training","tk_3gjgmx8hmi3i","","ex_6qe7tdnzwolt",0.7937404911975158,0.7557573436901203,"/scibert/bertbase_basevocab_cased/weights.tar.gz","1e-05","3","data/ner/JNLPBA/train.txt"
"training","tk_68vx6p5pw3dr","","ex_6mspd37akbak",0.8708966963817015,0.8559918408974514,"/scibert/bertbase_basevocab_cased/weights.tar.gz","1e-05","2","data/ner/bc5cdr/train.txt"
"training","tk_t8oip81if0sn","","ex_6kzl8gefua4h",0.8758811550310189,0.865934289492372,"/scibert/biobert_pubmed_pmc_basevocab_cased/weights.tar.gz","5e-06","2","data/ner/bc5cdr/train.txt"
"training","tk_sgl7z7z9si9m","","ex_69rwk15xs8uz",0.527152317880745,0.5117174959871091,"/scibert/biobert_pubmed_pmc_basevocab_cased/weights.tar.gz","5e-06","3","data/ner/sciie/train.txt"
"training","tk_btwioqg23vt1","","ex_66i2e9g0dnr7",0.6872301048734848,0.6700751879698749,"/scibert/biobert_pubmed_pmc_basevocab_cased/weights.tar.gz","5e-05","2","data/ner/sciie/train.txt"
"training","tk_ehgwrax9f1f4","","ex_668w3q9l0u4w",0.8081363386475585,0.7697415748989597,"/scibert/biobert_pubmed_pmc_basevocab_cased/weights.tar.gz","5e-05","5","data/ner/JNLPBA/train.txt"
"training","tk_y5clj1acfjxi","","ex_64thd6is34vl",0.845679012345629,0.8401221995926179,"/scibert/bertbase_basevocab_cased/weights.tar.gz","5e-06","3","data/ner/NCBI-disease/train.txt"
"training","tk_1u13qehnk372","","ex_622683ce30xm",0.5766233766233267,0.5507524815881668,"/scibert/scibert_scivocab_cased/weights.tar.gz","5e-06","2","data/ner/sciie/train.txt"
"training","tk_o13y8o4cso7z","","ex_5ziuepr9msuj",0.901261829652947,0.8938804748259837,"/scibert/scibert_scivocab_cased/weights.tar.gz","1e-05","5","data/ner/bc5cdr/train.txt"
"training","tk_0ni44itoo88k","","ex_5z9gn28nq9n8",0.8729559748427173,0.8845561826577233,"/scibert/scibert_scivocab_cased/weights.tar.gz","5e-06","5","data/ner/NCBI-disease/train.txt"
"training","tk_efrtgytbea1o","","ex_5wftpd9i79vn",0.7205793602896302,0.6698224852070506,"/scibert/scibert_scivocab_cased/weights.tar.gz","5e-05","2","data/ner/sciie/train.txt"
"training","tk_khdlh7f7n3zm","","ex_5smer501hqgg",0.87874999999995,0.8858307849133036,"/scibert/scibert_scivocab_cased/weights.tar.gz","1e-05","3","data/ner/NCBI-disease/train.txt"
"training","tk_jawheq8an96b","","ex_5pyb48fkz6tf",0.9053220106545203,0.8953910685968093,"/scibert/scibert_scivocab_cased/weights.tar.gz","5e-05","4","data/ner/bc5cdr/train.txt"
"training","tk_sbixyzrpjcrj","","ex_5n41q0pep64l",0.9068830204687166,0.8995151139997437,"/scibert/scibert_scivocab_cased/weights.tar.gz","5e-05","3","data/ner/bc5cdr/train.txt"
"training","tk_8qaitw3aknrz","","ex_5jh5qd8kyl63",0.6468769325911683,0.6160822249092608,"/scibert/biobert_pubmed_pmc_basevocab_cased/weights.tar.gz","1e-05","3","data/ner/sciie/train.txt"
"training","tk_srjc6m8zn64h","","ex_5dy4rq476kgw",0.8370098039215186,0.8422120750887374,"/scibert/bertbase_basevocab_cased/weights.tar.gz","5e-06","3","data/ner/NCBI-disease/train.txt"
"training","tk_4rds7js7thsb","","ex_5a58j21bt3hz",0.8565923765881608,0.8457610838683085,"/scibert/bertbase_basevocab_cased/weights.tar.gz","5e-06","3","data/ner/bc5cdr/train.txt"
"training","tk_ry4ptagujtzz","","ex_58mlhy9ltr3o",0.8926047051376228,0.88519870443674,"/scibert/scibert_scivocab_cased/weights.tar.gz","5e-06","4","data/ner/bc5cdr/train.txt"
"training","tk_9jz0hgu5l2zh","","ex_56grg27t68vw",0.5516804058338118,0.5447737909515883,"/scibert/biobert_pubmed_pmc_basevocab_cased/weights.tar.gz","5e-06","4","data/ner/sciie/train.txt"
"training","tk_thm1t9qq2p7m","","ex_4yc7ptoqvjcc",0.8779896744283558,0.8612420577986794,"/scibert/bertbase_basevocab_cased/weights.tar.gz","5e-05","2","data/ner/bc5cdr/train.txt"
"training","tk_0pieg48cpzt8","","ex_4wkane74isgg",0.8689043698542882,0.8932439401752981,"/scibert/scibert_scivocab_cased/weights.tar.gz","5e-05","2","data/ner/NCBI-disease/train.txt"
"training","tk_njaawybpisf2","","ex_4w6wzt27kc0z",0.5756035578144354,0.5523038605229887,"/scibert/biobert_pubmed_pmc_basevocab_cased/weights.tar.gz","5e-06","4","data/ner/sciie/train.txt"
"training","tk_2jr6v10tdjyt","","ex_4m8dirxarzw9",0.8837111890674405,0.8670631894666777,"/scibert/bertbase_basevocab_cased/weights.tar.gz","5e-05","5","data/ner/bc5cdr/train.txt"
"training","tk_p9qpovr4azlg","","ex_4jco3qz8t2at",0.8715365239294209,0.8716883116882618,"/scibert/bertbase_basevocab_cased/weights.tar.gz","5e-05","5","data/ner/NCBI-disease/train.txt"
"training","tk_ogvhx3njzfaj","","ex_4hrgljy1skqf",0.879161528976522,0.8797145769622333,"/scibert/biobert_pubmed_pmc_basevocab_cased/weights.tar.gz","5e-05","5","data/ner/NCBI-disease/train.txt"
"training","tk_v67uyngccxxv","","ex_42187hllmvl4",0.8071016229168436,0.7677363021173919,"/scibert/biobert_pubmed_pmc_basevocab_cased/weights.tar.gz","1e-05","4","data/ner/JNLPBA/train.txt"
"training","tk_wwy1g49x5ik5","","ex_3xonvlbgnbfd",0.8087692641631798,0.7723333515015581,"/scibert/scibert_scivocab_cased/weights.tar.gz","1e-05","4","data/ner/JNLPBA/train.txt"
"training","tk_jgepbd9b0lle","","ex_3w02d9egiedz",0.8064024390243403,0.772603039247791,"/scibert/biobert_pubmed_pmc_basevocab_cased/weights.tar.gz","1e-05","5","data/ner/JNLPBA/train.txt"
"training","tk_tld7efu8sncz","","ex_3uuarqd5om0v",0.8138154344306031,0.7626585709638448,"/scibert/biobert_pubmed_pmc_basevocab_cased/weights.tar.gz","5e-05","5","data/ner/JNLPBA/train.txt"
"training","tk_m81ibfuqm0nf","","ex_3svrzupbg8x2",0.8856649033676764,0.8792462439520764,"/scibert/biobert_pubmed_pmc_basevocab_cased/weights.tar.gz","5e-06","3","data/ner/bc5cdr/train.txt"
"training","tk_lofn5157e8yx","","ex_3mjluk4n7lxu",0.803988166977051,0.7637881784222749,"/scibert/bertbase_basevocab_cased/weights.tar.gz","5e-05","3","data/ner/JNLPBA/train.txt"
"training","tk_jrtr3n2r9tnf","","ex_3mh2dkkqdpz8",0.6683016554260689,0.6430517711171162,"/scibert/scibert_scivocab_cased/weights.tar.gz","1e-05","3","data/ner/sciie/train.txt"
"training","tk_rj2oj2traqjf","","ex_3liars9ixqam",0.8076165462901667,0.7671127264716723,"/scibert/scibert_scivocab_cased/weights.tar.gz","1e-05","2","data/ner/JNLPBA/train.txt"
"training","tk_bed2amgm6kdi","","ex_3cpsax1ik3qy",0.9005108758623823,0.8903542401471668,"/scibert/scibert_scivocab_cased/weights.tar.gz","1e-05","3","data/ner/bc5cdr/train.txt"
"training","tk_jhse1h8m4sws","","ex_35053wka7084",0.7987304366859521,0.7574346897419951,"/scibert/scibert_scivocab_cased/weights.tar.gz","5e-06","3","data/ner/JNLPBA/train.txt"
"training","tk_gqzv2el4mbk0","","ex_3477steiwfa2",0.80694474776147,0.7688513809732075,"/scibert/biobert_pubmed_pmc_basevocab_cased/weights.tar.gz","1e-05","4","data/ner/JNLPBA/train.txt"
"training","tk_hujzjzter6oj","","ex_33p61j9tsbfk",0.7929314830875477,0.7520715220235001,"/scibert/bertbase_basevocab_cased/weights.tar.gz","1e-05","3","data/ner/JNLPBA/train.txt"
"training","tk_adarlci7vjg8","","ex_2z0pooc5c2hg",0.5376205787780851,0.5228758169934142,"/scibert/bertbase_basevocab_cased/weights.tar.gz","1e-05","2","data/ner/sciie/train.txt"
"training","tk_xudbcv0bdho1","","ex_2ueypbmi20u2",0.8670012547050941,0.8779989790709046,"/scibert/scibert_scivocab_cased/weights.tar.gz","5e-06","4","data/ner/NCBI-disease/train.txt"
"training","tk_r44uxj7zldpg","","ex_2t3ihulrizzx",0.5828065739569663,0.5561660561660062,"/scibert/bertbase_basevocab_cased/weights.tar.gz","5e-06","5","data/ner/sciie/train.txt"
"training","tk_8lps6tah2xhj","","ex_2pafuncc69k6",0.9033516020235588,0.8944455831112433,"/scibert/biobert_pubmed_pmc_basevocab_cased/weights.tar.gz","5e-05","4","data/ner/bc5cdr/train.txt"
"training","tk_oppc0ht41uyi","","ex_2d5ofwgo3qnb",0.8980126894236824,0.8876295502118251,"/scibert/scibert_scivocab_cased/weights.tar.gz","5e-06","5","data/ner/bc5cdr/train.txt"
"training","tk_83x9gtb24hir","","ex_2bg6hymlz88n",0.8063602700936116,0.7678093051226882,"/scibert/biobert_pubmed_pmc_basevocab_cased/weights.tar.gz","1e-05","5","data/ner/JNLPBA/train.txt"
"training","tk_kuxhj2k5ay1z","","ex_21hzn9m7sloy",0.8657844990547704,0.874551971326115,"/scibert/scibert_scivocab_cased/weights.tar.gz","5e-06","4","data/ner/NCBI-disease/train.txt"
"training","tk_5k6z59eaen27","","ex_1t92ogi8lsnr",0.8096170583115253,0.7709393292849219,"/scibert/scibert_scivocab_cased/weights.tar.gz","1e-05","5","data/ner/JNLPBA/train.txt"
"training","tk_c7md03zphov0","","ex_1p5j15yokhdp",0.8563876651981879,0.8450093307105971,"/scibert/bertbase_basevocab_cased/weights.tar.gz","5e-06","3","data/ner/bc5cdr/train.txt"
"training","tk_jbx1li0ik8no","","ex_1omsuva462vw",0.8692403486923534,0.8883222845486496,"/scibert/biobert_pubmed_pmc_basevocab_cased/weights.tar.gz","1e-05","3","data/ner/NCBI-disease/train.txt"
"training","tk_le6eay77e0gm","","ex_1m13cvifvn3g",0.8901087411124552,0.8843025620170302,"/scibert/biobert_pubmed_pmc_basevocab_cased/weights.tar.gz","5e-06","5","data/ner/bc5cdr/train.txt"
"training","tk_butpxfqevwxl","","ex_1khavf02mg3m",0.9020185029436002,0.8970092885576718,"/scibert/biobert_pubmed_pmc_basevocab_cased/weights.tar.gz","5e-05","2","data/ner/bc5cdr/train.txt"
"training","tk_lyw2ojyuwwoh","","ex_1jyfq49zjok7",0.8024282560705902,0.7630864676230598,"/scibert/bertbase_basevocab_cased/weights.tar.gz","5e-05","3","data/ner/JNLPBA/train.txt"
"training","tk_vym3xblxv3ft","","ex_1hv1i2kh2z8h",0.8775894538605903,0.8885464817667706,"/scibert/scibert_scivocab_cased/weights.tar.gz","5e-05","4","data/ner/NCBI-disease/train.txt"
"training","tk_etxoki9720ec","","ex_1f97qot0487v",0.8068745180125092,0.7719510851602454,"/scibert/scibert_scivocab_cased/weights.tar.gz","5e-05","5","data/ner/JNLPBA/train.txt"
"training","tk_4v3q1ijhz3lc","","ex_1d0x0a73y3y1",0.8660049627791062,0.8750632271117355,"/scibert/biobert_pubmed_pmc_basevocab_cased/weights.tar.gz","5e-06","5","data/ner/NCBI-disease/train.txt"
"training","tk_5m51zvjj95gy","","ex_1cjun5fb1j99",0.8746867167919299,0.8883222845486496,"/scibert/biobert_pubmed_pmc_basevocab_cased/weights.tar.gz","1e-05","3","data/ner/NCBI-disease/train.txt"
"training","tk_q0ptt6dhe1j1","","ex_1cgdul9ay1oo",0.5805626598464975,0.5674069440099595,"/scibert/biobert_pubmed_pmc_basevocab_cased/weights.tar.gz","1e-05","2","data/ner/sciie/train.txt"
"training","tk_q9wqsjhrn2vu","","ex_16w4g90p5kuo",0.5076411960132393,0.4811501597443592,"/scibert/bertbase_basevocab_cased/weights.tar.gz","5e-06","3","data/ner/sciie/train.txt"
"training","tk_kjz586valrgt","","ex_16npkjqitcpd",0.8769917144677639,0.861362110806993,"/scibert/bertbase_basevocab_cased/weights.tar.gz","5e-05","2","data/ner/bc5cdr/train.txt"
"training","tk_jvy89e34jtkc","","ex_12yek2gtgcik",0.6958128078817234,0.6481257557436019,"/scibert/biobert_pubmed_pmc_basevocab_cased/weights.tar.gz","1e-05","5","data/ner/sciie/train.txt"
"training","tk_4orq8hrqa6gb","","ex_0zv694lnw9mv",0.6522811344019228,0.6297872340425033,"/scibert/scibert_scivocab_cased/weights.tar.gz","5e-06","5","data/ner/sciie/train.txt"
"training","tk_hlklnrqruu95","","ex_0zt6xh96064w",0.672209026128216,0.6361806154730592,"/scibert/bertbase_basevocab_cased/weights.tar.gz","5e-05","5","data/ner/sciie/train.txt"
"training","tk_lz4s6y612p5k","","ex_0zbi2u65z37y",0.8664122137404079,0.8583333333332833,"/scibert/bertbase_basevocab_cased/weights.tar.gz","5e-05","5","data/ner/NCBI-disease/train.txt"
"training","tk_c9r5eekd3q8a","","ex_0tmgkfied3d5",0.9037005887299752,0.8949197587651551,"/scibert/scibert_scivocab_cased/weights.tar.gz","5e-05","2","data/ner/bc5cdr/train.txt"
"training","tk_e8putyzd395y","","ex_0rqcvcjhs9o8",0.8790523690772566,0.8798783578306645,"/scibert/scibert_scivocab_cased/weights.tar.gz","1e-05","4","data/ner/NCBI-disease/train.txt"
"training","tk_y4rnr2ryyhp5","","ex_0qt7o7l31p1w",0.9051387569905588,0.8983441841389771,"/scibert/scibert_scivocab_cased/weights.tar.gz","5e-05","4","data/ner/bc5cdr/train.txt"
"training","tk_jb3cwcw15685","","ex_0p9xfuvuak7v",0.9001954879272497,0.8959629724864504,"/scibert/scibert_scivocab_cased/weights.tar.gz","5e-05","2","data/ner/bc5cdr/train.txt"
"training","tk_lmay1vkn2l7c","","ex_0o0un0h8kr84",0.8892701185277104,0.8817269686834405,"/scibert/scibert_scivocab_cased/weights.tar.gz","5e-06","3","data/ner/bc5cdr/train.txt"
"training","tk_0w7yc9hnmbr4","","ex_0l75998lz542",0.7897323866738986,0.7492596248765542,"/scibert/bertbase_basevocab_cased/weights.tar.gz","1e-05","2","data/ner/JNLPBA/train.txt"
"training","tk_h1uuv8jqq3u0","","ex_0kvsldikgrgp",0.8103695532266462,0.7747767733347625,"/scibert/biobert_pubmed_pmc_basevocab_cased/weights.tar.gz","5e-05","3","data/ner/JNLPBA/train.txt"
"training","tk_4842m72bq0c4","","ex_0it4quxmz81e",0.8047956403269256,0.7692055513058184,"/scibert/biobert_pubmed_pmc_basevocab_cased/weights.tar.gz","5e-06","5","data/ner/JNLPBA/train.txt"
"training","tk_vt2ajoy9ljr4","","ex_0ee24gog2732",0.8983229617128495,0.8909603072982855,"/scibert/biobert_pubmed_pmc_basevocab_cased/weights.tar.gz","1e-05","3","data/ner/bc5cdr/train.txt"
"training","tk_hzh8ry5kqyru","","ex_0900tu0r24c7",0.7081570996978351,0.6859846244825049,"/scibert/scibert_scivocab_cased/weights.tar.gz","5e-05","3","data/ner/sciie/train.txt"
"training","tk_yat4wab08fyx","","ex_08h445c4mhjd",0.8752351097178183,0.8780236747297492,"/scibert/biobert_pubmed_pmc_basevocab_cased/weights.tar.gz","5e-05","2","data/ner/NCBI-disease/train.txt"
"training","tk_rnypcz6b0n9r","","ex_08dmjr27p39s",0.7053081147040379,0.6756433273488429,"/scibert/biobert_pubmed_pmc_basevocab_cased/weights.tar.gz","5e-05","4","data/ner/sciie/train.txt"
"training","tk_zdsmsbnb9r6m","","ex_07hb8ilox47u",0.7646157214801339,0.7285087719297748,"/scibert/bertbase_basevocab_cased/weights.tar.gz","5e-06","2","data/ner/JNLPBA/train.txt"