"Task_Name","Task_ID","Experiment_Name","Experiment_ID","metric_best_epoch","metric_best_validation_accuracy","metric_best_validation_average_F1","metric_test_accuracy","metric_test_average_F1","env_BERT_WEIGHTS","env_LEARNING_RATE","env_NUM_EPOCHS","env_TRAIN_PATH"
"training","tk_0kluexdozx63","","ex_048xuesygp1c",2,0.8199423156159868,0.5160623587161802,0.8117613144998559,0.4943497752109264,"/scibert/scibert_basevocab_uncased/weights.tar.gz","1e-05","3","data/text_classification/chemprot/train.txt"
"training","tk_036r6zvwuprq","","ex_0acbycfwakms",2,0.765672441507412,0.6700132289652811,0.7491852314835483,0.6553249936415129,"/scibert/scibert_basevocab_uncased/weights.tar.gz","1e-05","5","data/text_classification/mag/train.txt"
"training","tk_6wo5nv6c0szf","","ex_0ln3rd31vzc7",1,0.8558951965065502,0.8353555746274433,0.8683503492745835,0.8523438150225718,"/scibert/scibert_basevocab_uncased/weights.tar.gz","1e-05","5","data/text_classification/sci-cite/train.txt"
"training","tk_c7xmkcj7cvkc","","ex_0s95qxsb2t04",2,0.8197802197802198,0.7327180083059007,0.8193018480492813,0.6918912235768504,"/scibert/scibert_basevocab_uncased/weights.tar.gz","5e-06","3","data/text_classification/sciie-relation-extraction/train.txt"
"training","tk_9gjo15x2l8ap","","ex_0y5m1cbpaypr",4,0.7807017543859649,0.687344881794416,0.8273381294964028,0.734007637011342,"/scibert/scibert_basevocab_uncased/weights.tar.gz","2e-05","5","data/text_classification/citation_intent/train.txt"
"training","tk_5nza1js93koo","","ex_12c4vyavvozz",1,0.7807017543859649,0.530122359909561,0.7338129496402878,0.458754262574562,"/scibert/scibert_basevocab_uncased/weights.tar.gz","5e-06","3","data/text_classification/citation_intent/train.txt"
"training","tk_mtd565dfrc1v","","ex_13cpbzlaid9j",1,0.6725274725274726,0.45031304830355706,0.7125256673511293,0.45431724908555093,"/scibert/scibert_basevocab_uncased/weights.tar.gz","5e-05","2","data/text_classification/sciie-relation-extraction/train.txt"
"training","tk_vqaa0blqyv9i","","ex_15nedlnbhz8m",2,0.8725274725274725,0.8231720413762796,0.8726899383983573,0.7998458690088572,"/scibert/scibert_basevocab_uncased/weights.tar.gz","1e-05","3","data/text_classification/sciie-relation-extraction/train.txt"
"training","tk_oz11nvpnw20z","","ex_19p32dt0blsn",2,0.7631578947368421,0.6367854974411945,0.7913669064748201,0.6858610961996369,"/scibert/scibert_basevocab_uncased/weights.tar.gz","5e-05","3","data/text_classification/citation_intent/train.txt"
"training","tk_8fbw3v91awq2","","ex_1a8n6oy8b3ea",3,0.7807017543859649,0.5874995757390249,0.7913669064748201,0.6616728991101087,"/scibert/scibert_basevocab_uncased/weights.tar.gz","5e-06","5","data/text_classification/citation_intent/train.txt"
"training","tk_eocnoax0m6nf","","ex_1grmgt6u4men",1,0.7472527472527473,0.5546262135136465,0.7761806981519507,0.567336050955258,"/scibert/scibert_basevocab_uncased/weights.tar.gz","5e-06","2","data/text_classification/sciie-relation-extraction/train.txt"
"training","tk_azjwvwpz4l5v","","ex_1z465yiih6to",3,0.8133498145859085,0.5141415673818404,0.8031132891323148,0.4941339313773163,"/scibert/scibert_basevocab_uncased/weights.tar.gz","5e-05","5","data/text_classification/chemprot/train.txt"
"training","tk_ezwaixrr97mm","","ex_2ybv620zq2fs",1,0.8580786026200873,0.8351279114165213,0.8597528210639441,0.8436925935154728,"/scibert/scibert_basevocab_uncased/weights.tar.gz","5e-05","2","data/text_classification/sci-cite/train.txt"
"training","tk_1j3y60ap1owj","","ex_2ycm67ijvxem",1,0.788215904408735,0.4970898389927286,0.780628423176708,0.4780713024242126,"/scibert/scibert_basevocab_uncased/weights.tar.gz","5e-05","2","data/text_classification/chemprot/train.txt"
"training","tk_ngd1sruadpd3","","ex_35mz38mb6b1x",1,0.7587069119485622,0.6636379694245541,0.7435599803562659,0.6501412376552829,"/scibert/scibert_basevocab_uncased/weights.tar.gz","5e-05","3","data/text_classification/mag/train.txt"
"training","tk_yq2mqo1bbgio","","ex_3g9besdmrqim",1,0.8240626287597858,0.519427104245599,0.8137791870856155,0.48484969496621866,"/scibert/scibert_basevocab_uncased/weights.tar.gz","1e-05","5","data/text_classification/chemprot/train.txt"
"training","tk_zo8qmmhxdyt8","","ex_3jayf4v4g7zg",4,0.7543859649122807,0.5554905239687472,0.7841726618705036,0.6168767085457584,"/scibert/scibert_basevocab_uncased/weights.tar.gz","5e-06","5","data/text_classification/citation_intent/train.txt"
"training","tk_ohm0w4cv08e0","","ex_3jd6w0999y0l",1,0.7982456140350878,0.6852234021237741,0.7338129496402878,0.5882479153955212,"/scibert/scibert_basevocab_uncased/weights.tar.gz","5e-05","2","data/text_classification/citation_intent/train.txt"
"training","tk_27aljp7o31av","","ex_3rx47euj4g0o",1,0.7706733345240222,0.6737718787670552,0.7495423902852806,0.6552599860366464,"/scibert/scibert_basevocab_uncased/weights.tar.gz","5e-05","2","data/text_classification/mag/train.txt"
"training","tk_5hp9af1cl9hf","","ex_3senzyyun23h",1,0.7642436149312377,0.6685251878874711,0.7509263806419929,0.6566856586286954,"/scibert/scibert_basevocab_uncased/weights.tar.gz","1e-05","2","data/text_classification/mag/train.txt"
"training","tk_0b9x7j7iug0w","","ex_3uktienz6wuy",2,0.7640650116092159,0.6682235996105954,0.7473101477744543,0.6532457152463488,"/scibert/scibert_basevocab_uncased/weights.tar.gz","2e-05","5","data/text_classification/mag/train.txt"
"training","tk_aa19skklq6nt","","ex_4ca4kna6wdpo",2,0.7982456140350878,0.6964996524925274,0.8129496402877698,0.7308225819062764,"/scibert/scibert_basevocab_uncased/weights.tar.gz","1e-05","4","data/text_classification/citation_intent/train.txt"
"training","tk_fbu5h86fi15i","","ex_4grtgv42zf93",1,0.8548034934497817,0.83434480840166,0.8602901665771091,0.8476141456136986,"/scibert/scibert_basevocab_uncased/weights.tar.gz","1e-05","3","data/text_classification/sci-cite/train.txt"
"training","tk_jtizgtm1bzz5","","ex_4jne852jyhxe",4,0.7894736842105263,0.7016881943710719,0.8129496402877698,0.7213941135492367,"/scibert/scibert_basevocab_uncased/weights.tar.gz","5e-05","5","data/text_classification/citation_intent/train.txt"
"training","tk_vc1ps6m1wt8v","","ex_59rntqdq0wug",1,0.7824474660074165,0.49088763351520187,0.7624675699048717,0.46812280705151976,"/scibert/scibert_basevocab_uncased/weights.tar.gz","5e-05","2","data/text_classification/chemprot/train.txt"
"training","tk_2w48nrv1ubet","","ex_5a9ldhwyj2fi",1,0.7807017543859649,0.7200343773872696,0.7410071942446043,0.6291412131928881,"/scibert/scibert_basevocab_uncased/weights.tar.gz","5e-05","2","data/text_classification/citation_intent/train.txt"
"training","tk_b4xferhhsobx","","ex_5a9miw2uxpc4",1,0.7456140350877193,0.546313813046059,0.762589928057554,0.6104482734421494,"/scibert/scibert_basevocab_uncased/weights.tar.gz","1e-05","2","data/text_classification/citation_intent/train.txt"
"training","tk_2098wa09mhwu","","ex_5fbivq3jjx4v",1,0.7296703296703296,0.5295906526539473,0.7638603696098563,0.5207177902959347,"/scibert/scibert_basevocab_uncased/weights.tar.gz","5e-06","2","data/text_classification/sciie-relation-extraction/train.txt"
"training","tk_xknofz3a9p7t","","ex_5tasoyk17nzp",2,0.8504366812227074,0.8276164576061776,0.8597528210639441,0.8438692423011643,"/scibert/scibert_basevocab_uncased/weights.tar.gz","5e-05","3","data/text_classification/sci-cite/train.txt"
"training","tk_2rwl21m3ziq2","","ex_5vdh4hg2jjck",3,0.8112896580140091,0.5150108517166357,0.8062842317670799,0.4994185089745814,"/scibert/scibert_basevocab_uncased/weights.tar.gz","5e-05","4","data/text_classification/chemprot/train.txt"
"training","tk_6uoxwm8d4052","","ex_6aj208c5v1ee",3,0.8355995055624228,0.5335084892692629,0.8201210723551455,0.5075635845882768,"/scibert/scibert_basevocab_uncased/weights.tar.gz","2e-05","4","data/text_classification/chemprot/train.txt"
"training","tk_tr0vxu7ck60x","","ex_6msn61t8f94n",1,0.7807017543859649,0.5235114092256626,0.7050359712230215,0.3878534901790423,"/scibert/scibert_basevocab_uncased/weights.tar.gz","5e-06","2","data/text_classification/citation_intent/train.txt"
"training","tk_09i07fqeso3j","","ex_6pmnzwv7er6a",0,0.8460698689956332,0.8241431338723596,0.8538420204191295,0.838758161040996,"/scibert/scibert_basevocab_uncased/weights.tar.gz","5e-05","4","data/text_classification/sci-cite/train.txt"
"training","tk_4psy59opbsn2","","ex_6yp72pimclkk",1,0.7865677791512155,0.4847526448900247,0.7947535312770251,0.4739569033599844,"/scibert/scibert_basevocab_uncased/weights.tar.gz","1e-05","2","data/text_classification/chemprot/train.txt"
"training","tk_prr56iip54tg","","ex_6yz487v98p2o",2,0.7543859649122807,0.5946428571428113,0.7841726618705036,0.6523027022746619,"/scibert/scibert_basevocab_uncased/weights.tar.gz","1e-05","3","data/text_classification/citation_intent/train.txt"
"training","tk_ecl0bxeae57x","","ex_72hiazr03f38",1,0.7280701754385965,0.45880926013813195,0.6906474820143885,0.37000190585093323,"/scibert/scibert_basevocab_uncased/weights.tar.gz","5e-06","2","data/text_classification/citation_intent/train.txt"
"training","tk_cw6udgs3a9mm","","ex_78qosp27ljzi",4,0.7982456140350878,0.6941563281346067,0.8129496402877698,0.7084084880636108,"/scibert/scibert_basevocab_uncased/weights.tar.gz","2e-05","5","data/text_classification/citation_intent/train.txt"
"training","tk_nxebdmndxi33","","ex_78w167evauup",2,0.8526200873362445,0.831903497039178,0.8645889306824288,0.8519882065065718,"/scibert/scibert_basevocab_uncased/weights.tar.gz","5e-06","3","data/text_classification/sci-cite/train.txt"
"training","tk_6azp62h3qexa","","ex_7bvrrlrldaq0",4,0.8191182529872271,0.5165061917187024,0.8169501297203805,0.5090980366781429,"/scibert/scibert_basevocab_uncased/weights.tar.gz","5e-05","5","data/text_classification/chemprot/train.txt"
"training","tk_fc8o2t2m6zgt","","ex_7e4qtkf1otww",2,0.7894736842105263,0.660714285714245,0.8201438848920863,0.7032189542483169,"/scibert/scibert_basevocab_uncased/weights.tar.gz","1e-05","3","data/text_classification/citation_intent/train.txt"
"training","tk_pgnst9gxsb5u","","ex_7f57boz0aabm",4,0.7654938381853903,0.6693921821888696,0.7480691102281352,0.653968777742834,"/scibert/scibert_basevocab_uncased/weights.tar.gz","1e-05","5","data/text_classification/mag/train.txt"
"training","tk_h00nsk7ywxz0","","ex_7f896g1vxnfm",3,0.7993407498969922,0.5041222318165729,0.7950417987892765,0.47771618970820645,"/scibert/scibert_basevocab_uncased/weights.tar.gz","5e-06","5","data/text_classification/chemprot/train.txt"
"training","tk_dksl164gqmnz","","ex_7faatsrsitpt",3,0.865934065934066,0.8091564069972306,0.851129363449692,0.7632889879920022,"/scibert/scibert_basevocab_uncased/weights.tar.gz","5e-06","5","data/text_classification/sciie-relation-extraction/train.txt"
"training","tk_fk5lc5bvnifo","","ex_83oz4pymvn5a",1,0.7719298245614035,0.7182224640724549,0.8345323741007195,0.7612228680784577,"/scibert/scibert_basevocab_uncased/weights.tar.gz","2e-05","4","data/text_classification/citation_intent/train.txt"
"training","tk_i84zx6y37qzc","","ex_83q0qu6j0b7k",1,0.865934065934066,0.8160214875997391,0.8501026694045175,0.7673795528644681,"/scibert/scibert_basevocab_uncased/weights.tar.gz","2e-05","2","data/text_classification/sciie-relation-extraction/train.txt"
"training","tk_3vv1adjxxyjq","","ex_87a7pfgfk08h",1,0.7853316852080758,0.49327774357102966,0.7708273277601614,0.46299955494146416,"/scibert/scibert_basevocab_uncased/weights.tar.gz","5e-05","2","data/text_classification/chemprot/train.txt"
"training","tk_lnvurgtxnss0","","ex_88kdwf6vltj6",1,0.7719298245614035,0.5118024094767959,0.7122302158273381,0.453705440900527,"/scibert/scibert_basevocab_uncased/weights.tar.gz","5e-06","3","data/text_classification/citation_intent/train.txt"
"training","tk_ajo0j7lfqpi6","","ex_8gw03vm92plg",2,0.7445405850844664,0.44314110186828576,0.750936869414817,0.43242688297686055,"/scibert/scibert_basevocab_uncased/weights.tar.gz","5e-06","3","data/text_classification/chemprot/train.txt"
"training","tk_kpl1d05fvhp0","","ex_8iw0sxjprlvw",2,0.766565458117521,0.6698830428310507,0.7521764364480558,0.65728091414779,"/scibert/scibert_basevocab_uncased/weights.tar.gz","1e-05","3","data/text_classification/mag/train.txt"
"training","tk_wgcwwc8tvoxn","","ex_8rriw8e53s93",1,0.8461538461538461,0.7795363006758043,0.8501026694045175,0.7562026266636435,"/scibert/scibert_basevocab_uncased/weights.tar.gz","1e-05","2","data/text_classification/sciie-relation-extraction/train.txt"
"training","tk_k30xq1qqhwzf","","ex_8xqm12rrb41w",2,0.8923076923076924,0.8593581603892125,0.8675564681724846,0.7928158045384979,"/scibert/scibert_basevocab_uncased/weights.tar.gz","1e-05","3","data/text_classification/sciie-relation-extraction/train.txt"
"training","tk_gyenbls7ufgd","","ex_98pdv4znylmv",2,0.9076923076923077,0.8759402629705969,0.8829568788501027,0.8166659480802853,"/scibert/scibert_basevocab_uncased/weights.tar.gz","2e-05","5","data/text_classification/sciie-relation-extraction/train.txt"
"training","tk_d9lqrafhvhbm","","ex_9comycitrjrd",1,0.843956043956044,0.7844768377771144,0.839835728952772,0.7507227237898965,"/scibert/scibert_basevocab_uncased/weights.tar.gz","1e-05","3","data/text_classification/sciie-relation-extraction/train.txt"
"training","tk_yijd1a1n37ag","","ex_9i0cp81pv8wn",3,0.8813186813186813,0.8376550779743223,0.8788501026694046,0.8053897027162243,"/scibert/scibert_basevocab_uncased/weights.tar.gz","1e-05","4","data/text_classification/sciie-relation-extraction/train.txt"
"training","tk_uvxsf3zu30or","","ex_9yi0qe98cz9b",1,0.7982456140350878,0.724999999999952,0.7913669064748201,0.7013273763273279,"/scibert/scibert_basevocab_uncased/weights.tar.gz","2e-05","2","data/text_classification/citation_intent/train.txt"
"training","tk_z4wd53axjhsa","","ex_a2m43dsg8sfd",2,0.7585283086265404,0.663195562857547,0.7483369793294343,0.654387162819956,"/scibert/scibert_basevocab_uncased/weights.tar.gz","5e-06","3","data/text_classification/mag/train.txt"
"training","tk_wqc6bzosdn4q","","ex_a8r8e5zn9tqs",2,0.8493449781659389,0.826978871882905,0.8651262761955938,0.8516247894632762,"/scibert/scibert_basevocab_uncased/weights.tar.gz","5e-06","4","data/text_classification/sci-cite/train.txt"
"training","tk_0w1ua5v7luti","","ex_aaoktl4sz2gc",1,0.7192982456140351,0.6875783663918761,0.7338129496402878,0.6263342978859724,"/scibert/scibert_basevocab_uncased/weights.tar.gz","5e-05","5","data/text_classification/citation_intent/train.txt"
"training","tk_nbdslo2983l7","","ex_ali51vn6ebjj",0,0.8537117903930131,0.8325758601820397,0.8753358409457281,0.8620058043185673,"/scibert/scibert_basevocab_uncased/weights.tar.gz","5e-06","2","data/text_classification/sci-cite/train.txt"
"training","tk_tzc9eevl8x1c","","ex_asxl6dskiwd9",2,0.8034610630407911,0.501729491234927,0.7944652637647737,0.48107267347713445,"/scibert/scibert_basevocab_uncased/weights.tar.gz","5e-05","3","data/text_classification/chemprot/train.txt"
"training","tk_yuqlbdac7hca","","ex_b05pgskutm0m",1,0.8395604395604396,0.7755959518085633,0.8305954825462012,0.7416911175927857,"/scibert/scibert_basevocab_uncased/weights.tar.gz","5e-05","2","data/text_classification/sciie-relation-extraction/train.txt"
"training","tk_ig6kgw3o8uph","","ex_b7w2za8v7bhs",4,0.8526200873362445,0.8331815957925909,0.8624395486297689,0.8495905043805072,"/scibert/scibert_basevocab_uncased/weights.tar.gz","5e-06","5","data/text_classification/sci-cite/train.txt"
"training","tk_uru4370vqaoz","","ex_bat4m5zjr87p",1,0.8537117903930131,0.831000822101904,0.8710370768404084,0.857074633210788,"/scibert/scibert_basevocab_uncased/weights.tar.gz","2e-05","2","data/text_classification/sci-cite/train.txt"
"training","tk_w0vh2cy8cun7","","ex_bgqepbo2ppto",4,0.8427947598253275,0.8186231779098719,0.8543793659322945,0.8397052349198962,"/scibert/scibert_basevocab_uncased/weights.tar.gz","5e-05","5","data/text_classification/sci-cite/train.txt"
"training","tk_196lc0bkwfe7","","ex_broki8s4s5mi",3,0.8637362637362638,0.8116993007317616,0.8531827515400411,0.7604463378979249,"/scibert/scibert_basevocab_uncased/weights.tar.gz","5e-06","5","data/text_classification/sciie-relation-extraction/train.txt"
"training","tk_70ehqsk3hrb4","","ex_c66qoo37y76h",1,0.8548034934497817,0.835504999701345,0.8624395486297689,0.8495599179150798,"/scibert/scibert_basevocab_uncased/weights.tar.gz","1e-05","2","data/text_classification/sci-cite/train.txt"
"training","tk_6pqflqdch7ph","","ex_c7cp574u9qj5",1,0.8449781659388647,0.8230738388776038,0.8619022031166039,0.8441628080766955,"/scibert/scibert_basevocab_uncased/weights.tar.gz","5e-05","2","data/text_classification/sci-cite/train.txt"
"training","tk_s1s3cior3lbd","","ex_c9xl2jrw5vua",2,0.8461538461538461,0.7917752703230531,0.8316221765913757,0.74726839344598,"/scibert/scibert_basevocab_uncased/weights.tar.gz","5e-05","3","data/text_classification/sciie-relation-extraction/train.txt"
"training","tk_3dang7apf0d2","","ex_cj8atv9ax60w",3,0.8195302843016069,0.5116740608628084,0.8146439896223696,0.5033344878424395,"/scibert/scibert_basevocab_uncased/weights.tar.gz","1e-05","5","data/text_classification/chemprot/train.txt"
"training","tk_n7sayh79v8ez","","ex_cy1nsljqxb6p",0,0.8471615720524017,0.8250462959769652,0.8672756582482536,0.8537193367867957,"/scibert/scibert_basevocab_uncased/weights.tar.gz","5e-06","2","data/text_classification/sci-cite/train.txt"
"training","tk_5u7ddbohyspv","","ex_d269y8nb5a89",3,0.8285949732179646,0.5243121634823223,0.8137791870856155,0.5066487915082105,"/scibert/scibert_basevocab_uncased/weights.tar.gz","2e-05","5","data/text_classification/chemprot/train.txt"
"training","tk_mp05zxshgaam","","ex_d4g19p4k5e67",2,0.8318912237330037,0.5312968825645178,0.8143557221101182,0.49195468582858354,"/scibert/scibert_basevocab_uncased/weights.tar.gz","2e-05","4","data/text_classification/chemprot/train.txt"
"training","tk_tlsmy4f3wcdd","","ex_d5hbig8xsczq",1,0.7105263157894737,0.6319665997084857,0.762589928057554,0.662211073950155,"/scibert/scibert_basevocab_uncased/weights.tar.gz","5e-05","4","data/text_classification/citation_intent/train.txt"
"training","tk_it9um5kqklqi","","ex_d7cp3n50f3mc",3,0.8055212196126905,0.5058267412309561,0.7933121937157682,0.4777748043548131,"/scibert/scibert_basevocab_uncased/weights.tar.gz","5e-06","5","data/text_classification/chemprot/train.txt"
"training","tk_823gtkywf1qf","","ex_d8ei6r3vwpt9",2,0.7644222182532595,0.6688380629896485,0.7513281842939417,0.6572340840378471,"/scibert/scibert_basevocab_uncased/weights.tar.gz","1e-05","3","data/text_classification/mag/train.txt"
"training","tk_uts82zmkrsw2","","ex_dm3jj10qrcp3",2,0.7978021978021979,0.7049439968995965,0.7987679671457906,0.6846536928484183,"/scibert/scibert_basevocab_uncased/weights.tar.gz","5e-05","3","data/text_classification/sciie-relation-extraction/train.txt"
"training","tk_m7sifn7cgtjy","","ex_dr4w48z9nn1t",2,0.7562064654402572,0.6615567960606954,0.738827626233314,0.646151414210708,"/scibert/scibert_basevocab_uncased/weights.tar.gz","5e-05","5","data/text_classification/mag/train.txt"
"training","tk_0pztrmpa3r3v","","ex_dz5u3tptw13o",1,0.7276473011948908,0.4294428054202853,0.7365234938022485,0.41302411002685446,"/scibert/scibert_basevocab_uncased/weights.tar.gz","5e-06","2","data/text_classification/chemprot/train.txt"
"training","tk_ua5y0bkbjbzt","","ex_dzo1awn0ind3",1,0.7663868547954992,0.6701351208711793,0.7533372025536854,0.6585188367791343,"/scibert/scibert_basevocab_uncased/weights.tar.gz","2e-05","2","data/text_classification/mag/train.txt"
"training","tk_ib4sgw8c1qxm","","ex_e0i3ztmdlcae",2,0.7758549649773383,0.4744907816087482,0.7820697607379649,0.4578308268622738,"/scibert/scibert_basevocab_uncased/weights.tar.gz","5e-06","3","data/text_classification/chemprot/train.txt"
"training","tk_2ug8n6mg5bnh","","ex_ectl9bpg934i",0,0.8526200873362445,0.8306020746738265,0.8726491133799033,0.8600286457146405,"/scibert/scibert_basevocab_uncased/weights.tar.gz","2e-05","5","data/text_classification/sci-cite/train.txt"
"training","tk_swjnpuzznz01","","ex_f5c0ouvnj5ue",1,0.7662082514734774,0.6700849832137835,0.7494977454350641,0.655464330686873,"/scibert/scibert_basevocab_uncased/weights.tar.gz","1e-05","2","data/text_classification/mag/train.txt"
"training","tk_5layzw4ge2g8","","ex_f5tz6xbpkz05",4,0.7982456140350878,0.6915650633374626,0.8345323741007195,0.7446578236939775,"/scibert/scibert_basevocab_uncased/weights.tar.gz","1e-05","5","data/text_classification/citation_intent/train.txt"
"training","tk_5m270wortrvr","","ex_f94apfmopoo3",3,0.9120879120879121,0.891542075624327,0.8767967145790554,0.8100147593599116,"/scibert/scibert_basevocab_uncased/weights.tar.gz","2e-05","4","data/text_classification/sciie-relation-extraction/train.txt"
"training","tk_vn047y4pj567","","ex_ffj0oh1xwvhd",3,0.7898640296662547,0.5148089397258343,0.7884116460074949,0.4924102621847968,"/scibert/scibert_basevocab_uncased/weights.tar.gz","5e-05","4","data/text_classification/chemprot/train.txt"
"training","tk_16up5wdrwvak","","ex_fj8e0kg0uvnu",1,0.8092295014421096,0.5110464789515372,0.8094551744018449,0.49680666922799416,"/scibert/scibert_basevocab_uncased/weights.tar.gz","2e-05","2","data/text_classification/chemprot/train.txt"
"training","tk_depql6hhr9m5","","ex_fllnyw6a032i",3,0.8835164835164835,0.8429475299827917,0.8675564681724846,0.791171884961648,"/scibert/scibert_basevocab_uncased/weights.tar.gz","5e-05","4","data/text_classification/sciie-relation-extraction/train.txt"
"training","tk_wpw8dc6o0lwv","","ex_fndplk8rzxz5",2,0.7894736842105263,0.6943863392072616,0.8201438848920863,0.6935014317992546,"/scibert/scibert_basevocab_uncased/weights.tar.gz","1e-05","4","data/text_classification/citation_intent/train.txt"
"training","tk_oujg33oisux1","","ex_fnz9h4sv9lgy",1,0.6876802637000412,0.3935325031230676,0.7004900547708274,0.39084047412099004,"/scibert/scibert_basevocab_uncased/weights.tar.gz","5e-06","2","data/text_classification/chemprot/train.txt"
"training","tk_xsjsistxkyai","","ex_g00orzss5h9c",1,0.7556706554741918,0.6608410746177763,0.7439617840082147,0.6506791622169441,"/scibert/scibert_basevocab_uncased/weights.tar.gz","5e-06","2","data/text_classification/mag/train.txt"
"training","tk_aydmdvny2zsd","","ex_g947yagqiq9v",0,0.851528384279476,0.8276404151403652,0.8500806018269748,0.8316721410150141,"/scibert/scibert_basevocab_uncased/weights.tar.gz","2e-05","5","data/text_classification/sci-cite/train.txt"
"training","tk_b16vzeodbnys","","ex_gaj0gsd0npu0",2,0.8558951965065502,0.8359525801776466,0.8656636217087588,0.8533207629238574,"/scibert/scibert_basevocab_uncased/weights.tar.gz","5e-06","4","data/text_classification/sci-cite/train.txt"
"training","tk_5ma4kysgnvzv","","ex_gnu4t5e5g3gz",3,0.8100535640708694,0.5124628771512437,0.8163735946958778,0.5032650228082423,"/scibert/scibert_basevocab_uncased/weights.tar.gz","1e-05","4","data/text_classification/chemprot/train.txt"
"training","tk_xitmyoq8bf5a","","ex_gw40wyr96t1j",1,0.8014009064688916,0.4993644350829183,0.8034015566445661,0.4894812998063639,"/scibert/scibert_basevocab_uncased/weights.tar.gz","2e-05","2","data/text_classification/chemprot/train.txt"
"training","tk_ifs0o6udnfet","","ex_gz2jm7yj6lxk",2,0.8569868995633187,0.8365903148511346,0.8629768941429339,0.8472495183720894,"/scibert/scibert_basevocab_uncased/weights.tar.gz","1e-05","3","data/text_classification/sci-cite/train.txt"
"training","tk_xj1r5jh5mxnt","","ex_h60ketjcpgj3",4,0.7976926246394725,0.5062128734635318,0.7953300663015278,0.47665053400154744,"/scibert/scibert_basevocab_uncased/weights.tar.gz","5e-06","5","data/text_classification/chemprot/train.txt"
"training","tk_r7f1jnq4v48r","","ex_hbzf0y5cd9bj",3,0.8265348166460651,0.5255108790214954,0.8215624099164024,0.5116631896327166,"/scibert/scibert_basevocab_uncased/weights.tar.gz","2e-05","5","data/text_classification/chemprot/train.txt"
"training","tk_nzeoge5qdspb","","ex_hkd3y5kcucli",1,0.7985166872682324,0.5018534070964147,0.8039780916690689,0.47676253924077433,"/scibert/scibert_basevocab_uncased/weights.tar.gz","1e-05","2","data/text_classification/chemprot/train.txt"
"training","tk_cml86rfk1xjd","","ex_ho2q6uc80hxl",3,0.7635292016431505,0.6674354444112065,0.7458368677173088,0.6519181729287967,"/scibert/scibert_basevocab_uncased/weights.tar.gz","2e-05","4","data/text_classification/mag/train.txt"
"training","tk_yp2hrpxaxcre","","ex_hpnvzgwfydf2",3,0.8637362637362638,0.8039426200998091,0.8408624229979466,0.7418843311359511,"/scibert/scibert_basevocab_uncased/weights.tar.gz","5e-06","4","data/text_classification/sciie-relation-extraction/train.txt"
"training","tk_r5dyx06d2234","","ex_hpxpcu76peqg",1,0.7894736842105263,0.5343212277636299,0.7338129496402878,0.458754262574562,"/scibert/scibert_basevocab_uncased/weights.tar.gz","5e-06","4","data/text_classification/citation_intent/train.txt"
"training","tk_0q38boy4fre9","","ex_ii0gtsowunmz",1,0.8092295014421096,0.5010807876294885,0.8083021043528394,0.49101402991110177,"/scibert/scibert_basevocab_uncased/weights.tar.gz","2e-05","2","data/text_classification/chemprot/train.txt"
"training","tk_41b5vmax0nvu","","ex_istgmh9bpll3",1,0.7544204322200393,0.6619124846030141,0.7432474664047503,0.651628442312018,"/scibert/scibert_basevocab_uncased/weights.tar.gz","5e-05","5","data/text_classification/mag/train.txt"
"training","tk_hkl61asydpld","","ex_iw9ckgq942nt",2,0.8569868995633187,0.8360214202230001,0.8645889306824288,0.8525155231910122,"/scibert/scibert_basevocab_uncased/weights.tar.gz","5e-06","5","data/text_classification/sci-cite/train.txt"
"training","tk_9k61qpalw09e","","ex_j1h3l5igqt4f",3,0.8901098901098901,0.861156918022547,0.8809034907597536,0.8139297033832573,"/scibert/scibert_basevocab_uncased/weights.tar.gz","2e-05","4","data/text_classification/sciie-relation-extraction/train.txt"
"training","tk_mtsoe6tqxj3l","","ex_jbhn8igwop98",0,0.8482532751091703,0.8248261395681262,0.8629768941429339,0.8473819368166627,"/scibert/scibert_basevocab_uncased/weights.tar.gz","5e-05","4","data/text_classification/sci-cite/train.txt"
"training","tk_8q12q622ohuj","","ex_jd6bu6v5li9y",1,0.8178821590440873,0.5145359070756121,0.7936004612280196,0.47597650242911427,"/scibert/scibert_basevocab_uncased/weights.tar.gz","1e-05","4","data/text_classification/chemprot/train.txt"
"training","tk_2k6lykkwpwut","","ex_je5b8y9ewnjk",3,0.7836835599505563,0.4839537125181982,0.7817814932257134,0.4540215373797572,"/scibert/scibert_basevocab_uncased/weights.tar.gz","5e-06","4","data/text_classification/chemprot/train.txt"
"training","tk_cqctj2w53oej","","ex_ji3v2ugr1hc6",1,0.7629933916770852,0.6676137519756841,0.7479798205277022,0.6540592800996854,"/scibert/scibert_basevocab_uncased/weights.tar.gz","5e-05","3","data/text_classification/mag/train.txt"
"training","tk_k2krof60xel4","","ex_jtbhbmogyqp8",3,0.8901098901098901,0.850732851108741,0.8757700205338809,0.8149999018107003,"/scibert/scibert_basevocab_uncased/weights.tar.gz","1e-05","4","data/text_classification/sciie-relation-extraction/train.txt"
"training","tk_qrq7gkk37peu","","ex_kbrhwwln9xy3",2,0.8257107540173053,0.5256575291173303,0.8108965119631018,0.5010229292850938,"/scibert/scibert_basevocab_uncased/weights.tar.gz","2e-05","4","data/text_classification/chemprot/train.txt"
"training","tk_1d1z372kwj9n","","ex_ke62on8dq7qh",2,0.7592427219146276,0.6642482999058394,0.7485155587303005,0.6547701922436098,"/scibert/scibert_basevocab_uncased/weights.tar.gz","5e-06","3","data/text_classification/mag/train.txt"
"training","tk_f5rxxhm78t34","","ex_kjbz39rj0cmn",3,0.7647794248973031,0.6686925397470261,0.7489620072324658,0.6547216418107776,"/scibert/scibert_basevocab_uncased/weights.tar.gz","5e-06","4","data/text_classification/mag/train.txt"
"training","tk_11y5ixc935hf","","ex_ktarbhhwdas9",3,0.7603143418467584,0.6654502350809901,0.7488280726818162,0.6555687637204239,"/scibert/scibert_basevocab_uncased/weights.tar.gz","5e-06","4","data/text_classification/mag/train.txt"
"training","tk_anb6yp0gw3j3","","ex_ktfp0q8gw5e9",1,0.8158220024721878,0.5109654375385388,0.8111847794753532,0.4852331737509084,"/scibert/scibert_basevocab_uncased/weights.tar.gz","1e-05","3","data/text_classification/chemprot/train.txt"
"training","tk_va9rcbv52cp4","","ex_ktjeqmccprj2",3,0.768172888015717,0.6716863555036082,0.7518192776463235,0.6571290615108925,"/scibert/scibert_basevocab_uncased/weights.tar.gz","1e-05","4","data/text_classification/mag/train.txt"
"training","tk_gabsg417q4n4","","ex_l36pr5avbv60",3,0.9164835164835164,0.8979574471752473,0.8891170431211499,0.8297483554461546,"/scibert/scibert_basevocab_uncased/weights.tar.gz","2e-05","5","data/text_classification/sciie-relation-extraction/train.txt"
"training","tk_dmwrncfw5e3z","","ex_l6wlpdjjyqlr",2,0.8121137206427689,0.51291349191693,0.8097434419140963,0.4906505320344973,"/scibert/scibert_basevocab_uncased/weights.tar.gz","1e-05","3","data/text_classification/chemprot/train.txt"
"training","tk_92rtmg6wrp3e","","ex_lla9gr43y1vx",2,0.7638864082871941,0.6685633785713665,0.7460154471181749,0.6526640993638756,"/scibert/scibert_basevocab_uncased/weights.tar.gz","5e-06","5","data/text_classification/mag/train.txt"
"training","tk_tdwl6x6szt4w","","ex_lmboskjmz391",3,0.7456140350877193,0.5428964568283078,0.7697841726618705,0.6132983865347522,"/scibert/scibert_basevocab_uncased/weights.tar.gz","5e-06","4","data/text_classification/citation_intent/train.txt"
"training","tk_4urap90k8oz4","","ex_lukj81zg94hd",1,0.7558492587962136,0.6626349123998873,0.7468190544220724,0.6541024496197885,"/scibert/scibert_basevocab_uncased/weights.tar.gz","5e-05","4","data/text_classification/mag/train.txt"
"training","tk_jq76ztot7zcs","","ex_lw6jhiivkjre",2,0.7617431684229327,0.6658180350643914,0.7478905308272691,0.6536983027443622,"/scibert/scibert_basevocab_uncased/weights.tar.gz","5e-06","3","data/text_classification/mag/train.txt"
"training","tk_e5c7k6ur8grj","","ex_m3gjx9406m6b",3,0.851528384279476,0.830689846788868,0.8581407845244492,0.8443090931340635,"/scibert/scibert_basevocab_uncased/weights.tar.gz","1e-05","4","data/text_classification/sci-cite/train.txt"
"training","tk_gv8z7mbpu0m0","","ex_mbh2tqqmo55p",1,0.8070175438596491,0.707617224517599,0.7769784172661871,0.6449589449588965,"/scibert/scibert_basevocab_uncased/weights.tar.gz","2e-05","2","data/text_classification/citation_intent/train.txt"
"training","tk_sq7to6e1p805","","ex_mhwpnqteqxt6",0,0.851528384279476,0.826436317805658,0.8721117678667383,0.8588149991846485,"/scibert/scibert_basevocab_uncased/weights.tar.gz","2e-05","4","data/text_classification/sci-cite/train.txt"
"training","tk_i6kn00x5io3t","","ex_modyacoj5dmy",1,0.8449781659388647,0.8216070895278805,0.8527673293927995,0.834084401778676,"/scibert/scibert_basevocab_uncased/weights.tar.gz","2e-05","4","data/text_classification/sci-cite/train.txt"
"training","tk_pjpjvdifxd7k","","ex_mtur3vpuh9x2",4,0.8835164835164835,0.8466688456345123,0.864476386036961,0.7977757256376065,"/scibert/scibert_basevocab_uncased/weights.tar.gz","5e-05","5","data/text_classification/sciie-relation-extraction/train.txt"
"training","tk_ngr9igopycta","","ex_nej6to2s2q75",1,0.6979810465595385,0.3982920217482586,0.7045257999423465,0.390240036798759,"/scibert/scibert_basevocab_uncased/weights.tar.gz","5e-06","2","data/text_classification/chemprot/train.txt"
"training","tk_n67k351d9u9c","","ex_nfneau4l7mk8",2,0.8460698689956332,0.8240468137423586,0.8672756582482536,0.8534807780640378,"/scibert/scibert_basevocab_uncased/weights.tar.gz","5e-06","3","data/text_classification/sci-cite/train.txt"
"training","tk_e4nx11hbpokq","","ex_nlb3lmzuszmc",1,0.756385068762279,0.6617253482954187,0.7402116165900263,0.6474643313878086,"/scibert/scibert_basevocab_uncased/weights.tar.gz","5e-05","4","data/text_classification/mag/train.txt"
"training","tk_qnil1bwpmahc","","ex_nn87qw2kd9a0",2,0.8104655953852493,0.5121122282684321,0.8034015566445661,0.49253543958670315,"/scibert/scibert_basevocab_uncased/weights.tar.gz","5e-05","3","data/text_classification/chemprot/train.txt"
"training","tk_qiti0usfrxg9","","ex_nxj11255x6tz",2,0.8558951965065502,0.8332328881523505,0.8667383127350886,0.8528299309265218,"/scibert/scibert_basevocab_uncased/weights.tar.gz","1e-05","4","data/text_classification/sci-cite/train.txt"
"training","tk_ckods1osh5hn","","ex_ohcvhnj8e5z9",3,0.8593406593406593,0.8250566055553843,0.864476386036961,0.7933882105918802,"/scibert/scibert_basevocab_uncased/weights.tar.gz","5e-05","4","data/text_classification/sciie-relation-extraction/train.txt"
"training","tk_bpubdpt170ei","","ex_ovj6migpcdwz",1,0.8703296703296703,0.8314106361542072,0.86652977412731,0.799549632912658,"/scibert/scibert_basevocab_uncased/weights.tar.gz","2e-05","2","data/text_classification/sciie-relation-extraction/train.txt"
"training","tk_6cn1y110hsan","","ex_p0x49q36je2x",1,0.788215904408735,0.4970898389927286,0.780628423176708,0.4780713024242126,"/scibert/scibert_basevocab_uncased/weights.tar.gz","5e-05","2","data/text_classification/chemprot/train.txt"
"training","tk_ov07anem4dtw","","ex_p18idkmfkvfl",1,0.7865677791512155,0.4847526448900247,0.7947535312770251,0.4739569033599844,"/scibert/scibert_basevocab_uncased/weights.tar.gz","1e-05","2","data/text_classification/chemprot/train.txt"
"training","tk_khvqsoqkcsw8","","ex_pek7f0df8bll",3,0.8967032967032967,0.8674403480915821,0.8696098562628337,0.8003687767549527,"/scibert/scibert_basevocab_uncased/weights.tar.gz","1e-05","5","data/text_classification/sciie-relation-extraction/train.txt"
"training","tk_g0d1s4rb81t5","","ex_piunjlsv3qhx",2,0.8070175438596491,0.72666851286872,0.8273381294964028,0.7182125603864241,"/scibert/scibert_basevocab_uncased/weights.tar.gz","5e-05","3","data/text_classification/citation_intent/train.txt"
"training","tk_ztpj5k7chdts","","ex_ppe0tddn3s90",2,0.8527472527472527,0.7902493167617097,0.8367556468172485,0.726204816161896,"/scibert/scibert_basevocab_uncased/weights.tar.gz","5e-06","4","data/text_classification/sciie-relation-extraction/train.txt"
"training","tk_kxssywce7y8x","","ex_r71n7fpc9hap",3,0.7849196538936959,0.49271956416046836,0.7901412510810032,0.47207104092718055,"/scibert/scibert_basevocab_uncased/weights.tar.gz","5e-06","4","data/text_classification/chemprot/train.txt"
"training","tk_jc5t3azttvb0","","ex_rcj074pmsp1a",0,0.8548034934497817,0.8327819605339243,0.8667383127350886,0.8532333618525154,"/scibert/scibert_basevocab_uncased/weights.tar.gz","1e-05","5","data/text_classification/sci-cite/train.txt"
"training","tk_lu33iuiid45q","","ex_rm41uv3l56nb",3,0.8145859085290482,0.5221580257928936,0.8152205246468723,0.5129070365544439,"/scibert/scibert_basevocab_uncased/weights.tar.gz","5e-05","4","data/text_classification/chemprot/train.txt"
"training","tk_3ennzbovpak4","","ex_rxtnz9gwrljn",1,0.7583497053045186,0.6636152027052916,0.7482923344792178,0.654314395068052,"/scibert/scibert_basevocab_uncased/weights.tar.gz","5e-05","3","data/text_classification/mag/train.txt"
"training","tk_ewazjv8wxjoj","","ex_s2vl3vcv6far",2,0.8157894736842105,0.7304232804232308,0.8129496402877698,0.6862964206506758,"/scibert/scibert_basevocab_uncased/weights.tar.gz","5e-05","3","data/text_classification/citation_intent/train.txt"
"training","tk_flt9mtzmo05c","","ex_sbcyuzbxo1x1",0,0.8548034934497817,0.8264735124717545,0.8656636217087588,0.8480500670187663,"/scibert/scibert_basevocab_uncased/weights.tar.gz","5e-05","3","data/text_classification/sci-cite/train.txt"
"training","tk_o0vjdz4kt8lm","","ex_scdz072fq2be",1,0.8591703056768559,0.8376662589725369,0.8597528210639441,0.8464329126247233,"/scibert/scibert_basevocab_uncased/weights.tar.gz","2e-05","2","data/text_classification/sci-cite/train.txt"
"training","tk_u0plpad7have","","ex_sfspzix0p7pa",1,0.7610287551348455,0.6657832668590273,0.7508370909415599,0.6562121055596323,"/scibert/scibert_basevocab_uncased/weights.tar.gz","2e-05","5","data/text_classification/mag/train.txt"
"training","tk_byodujlcti3y","","ex_sgs2ivd07gf2",0,0.8427947598253275,0.8209766138207395,0.8387963460505105,0.8271212492830875,"/scibert/scibert_basevocab_uncased/weights.tar.gz","5e-05","3","data/text_classification/sci-cite/train.txt"
"training","tk_ma5lzcrb7q65","","ex_slape6fmbdan",2,0.7560774618871035,0.4533481918381848,0.7466128567310464,0.4263174238101887,"/scibert/scibert_basevocab_uncased/weights.tar.gz","5e-06","3","data/text_classification/chemprot/train.txt"
"training","tk_3eztwm7tswno","","ex_stngqi4auda5",4,0.7649580282193249,0.668740670412965,0.7495423902852806,0.6552404480230555,"/scibert/scibert_basevocab_uncased/weights.tar.gz","5e-06","5","data/text_classification/mag/train.txt"
"training","tk_8j28xue5oruo","","ex_tckicw985ljx",1,0.7631578947368421,0.5252315435241935,0.7769784172661871,0.6298508711660329,"/scibert/scibert_basevocab_uncased/weights.tar.gz","1e-05","2","data/text_classification/citation_intent/train.txt"
"training","tk_q548eltnxdeq","","ex_tgp8nzb2l6zd",3,0.8157894736842105,0.74556610997284,0.8201438848920863,0.7182256235827166,"/scibert/scibert_basevocab_uncased/weights.tar.gz","2e-05","4","data/text_classification/citation_intent/train.txt"
"training","tk_0iqrirqhdt6c","","ex_u4g5elrv6dpa",1,0.7902760609806345,0.4891525297514232,0.7881233784952436,0.4716980133862754,"/scibert/scibert_basevocab_uncased/weights.tar.gz","1e-05","2","data/text_classification/chemprot/train.txt"
"training","tk_s79qr2ajxgny","","ex_ub4t2z9qz6so",1,0.7629933916770852,0.6668548045539924,0.7529800437519533,0.658131268164828,"/scibert/scibert_basevocab_uncased/weights.tar.gz","5e-05","2","data/text_classification/mag/train.txt"
"training","tk_1z21sqhqwu2h","","ex_ubt3meexw6mo",1,0.8092295014421096,0.5110464789515372,0.8094551744018449,0.49680666922799416,"/scibert/scibert_basevocab_uncased/weights.tar.gz","2e-05","2","data/text_classification/chemprot/train.txt"
"training","tk_sp76jewyomez","","ex_udlzoip1sn9p",1,0.8224145035022662,0.5131221263732008,0.8140674545978668,0.48671862364374924,"/scibert/scibert_basevocab_uncased/weights.tar.gz","1e-05","4","data/text_classification/chemprot/train.txt"
"training","tk_bg7b7a1cod7u","","ex_uskgr1wndoau",1,0.8558951965065502,0.8351384067226505,0.8721117678667383,0.8605756044555495,"/scibert/scibert_basevocab_uncased/weights.tar.gz","5e-06","3","data/text_classification/sci-cite/train.txt"
"training","tk_d0hdb09jd401","","ex_uxoppjhtkwuz",4,0.7807017543859649,0.6785485305747775,0.8129496402877698,0.6956022451129584,"/scibert/scibert_basevocab_uncased/weights.tar.gz","1e-05","5","data/text_classification/citation_intent/train.txt"
"training","tk_9la9bx1k7w1s","","ex_v1dmk6b4mj20",2,0.7368421052631579,0.4735838210702019,0.7266187050359713,0.3607381507381258,"/scibert/scibert_basevocab_uncased/weights.tar.gz","5e-06","3","data/text_classification/citation_intent/train.txt"
"training","tk_cufeigegs3na","","ex_v2clhst69xu9",3,0.8034610630407911,0.5029494791063001,0.7912943211300086,0.47203838479246485,"/scibert/scibert_basevocab_uncased/weights.tar.gz","5e-06","4","data/text_classification/chemprot/train.txt"
"training","tk_hg3qb8k8rg4c","","ex_veeefzmojet4",4,0.8769230769230769,0.8411766999892194,0.86652977412731,0.7959238785263466,"/scibert/scibert_basevocab_uncased/weights.tar.gz","5e-05","5","data/text_classification/sciie-relation-extraction/train.txt"
"training","tk_hw66oun0c4p4","","ex_visgohqu9lst",1,0.7662082514734774,0.6708269961355993,0.7507031563909103,0.656852521583182,"/scibert/scibert_basevocab_uncased/weights.tar.gz","1e-05","3","data/text_classification/mag/train.txt"
"training","tk_fidqcben6ifx","","ex_vpp0diiq1n8d",0,0.8558951965065502,0.8306226483034665,0.8543793659322945,0.8377311007912575,"/scibert/scibert_basevocab_uncased/weights.tar.gz","5e-05","5","data/text_classification/sci-cite/train.txt"
"training","tk_g8xe22aesa1h","","ex_w4gj4we3mg2k",2,0.7654938381853903,0.6701413962491232,0.7503459975891781,0.6565789763137406,"/scibert/scibert_basevocab_uncased/weights.tar.gz","1e-05","4","data/text_classification/mag/train.txt"
"training","tk_av20ju58u7u2","","ex_w8krlr7xhf8y",2,0.8395604395604396,0.7867874360233271,0.8357289527720739,0.7603980146239895,"/scibert/scibert_basevocab_uncased/weights.tar.gz","5e-05","3","data/text_classification/sciie-relation-extraction/train.txt"
"training","tk_ha1lmzlcnovb","","ex_wecapjl3ilbh",2,0.7635292016431505,0.6680107850750514,0.7493638108844145,0.6553184248421555,"/scibert/scibert_basevocab_uncased/weights.tar.gz","2e-05","4","data/text_classification/mag/train.txt"
"training","tk_e0pion8k4v7v","","ex_x6nrnu7ud0up",1,0.8263736263736263,0.7515615942100498,0.8264887063655031,0.7209617016120328,"/scibert/scibert_basevocab_uncased/weights.tar.gz","1e-05","2","data/text_classification/sciie-relation-extraction/train.txt"
"training","tk_or5aab3g710c","","ex_xabm5sju9src",1,0.6876802637000412,0.3935325031230676,0.7004900547708274,0.39084047412099004,"/scibert/scibert_basevocab_uncased/weights.tar.gz","5e-06","2","data/text_classification/chemprot/train.txt"
"training","tk_uc04czajm4k0","","ex_xwxte65ytzrb",1,0.7456140350877193,0.6592565683474308,0.7338129496402878,0.6267915091444016,"/scibert/scibert_basevocab_uncased/weights.tar.gz","5e-05","4","data/text_classification/citation_intent/train.txt"
"training","tk_ecaosm0j60nk","","ex_y5c1vlzetysf",0,0.8537117903930131,0.8293668026646541,0.8602901665771091,0.8475442373980249,"/scibert/scibert_basevocab_uncased/weights.tar.gz","1e-05","2","data/text_classification/sci-cite/train.txt"
"training","tk_7ixjhn7ft3r8","","ex_ybfeonab1rfa",2,0.8526200873362445,0.8312958519702889,0.8608275120902741,0.8467333289970268,"/scibert/scibert_basevocab_uncased/weights.tar.gz","1e-05","3","data/text_classification/sci-cite/train.txt"
"training","tk_05puhmrr13xt","","ex_ybmsderwrour",3,0.9076923076923077,0.8788765920089963,0.8767967145790554,0.8107252040125063,"/scibert/scibert_basevocab_uncased/weights.tar.gz","1e-05","5","data/text_classification/sciie-relation-extraction/train.txt"
"training","tk_rekdlvbdik1s","","ex_ycvgzetr72ex",1,0.7560278621182354,0.6612479570114738,0.7451671949640609,0.65164870288615,"/scibert/scibert_basevocab_uncased/weights.tar.gz","5e-06","2","data/text_classification/mag/train.txt"
"training","tk_nrf17wsw3z9z","","ex_ydigy2pabklc",2,0.8285714285714286,0.747880947661084,0.8254620123203286,0.6972450006883758,"/scibert/scibert_basevocab_uncased/weights.tar.gz","5e-06","3","data/text_classification/sciie-relation-extraction/train.txt"
"training","tk_qwfnt1v9zbog","","ex_ykxt4jhkm31f",1,0.7710305411680657,0.6740067925805004,0.7536943613554177,0.6588045828026626,"/scibert/scibert_basevocab_uncased/weights.tar.gz","2e-05","2","data/text_classification/mag/train.txt"
"training","tk_6k2e9tqtadbs","","ex_yq35cvgffh06",3,0.8277709105892048,0.5240039327542648,0.8172383972326319,0.49879577762800936,"/scibert/scibert_basevocab_uncased/weights.tar.gz","1e-05","5","data/text_classification/chemprot/train.txt"
"training","tk_cxwj9a1fr845","","ex_yqh8r42b2lwk",2,0.8043956043956044,0.6847598270525922,0.8336755646817249,0.7058068962377074,"/scibert/scibert_basevocab_uncased/weights.tar.gz","5e-06","3","data/text_classification/sciie-relation-extraction/train.txt"
"training","tk_ttrd24z9113l","","ex_zcc77c2dvfzn",3,0.8413679439637413,0.5371262057385491,0.8195445373306428,0.49805852542205564,"/scibert/scibert_basevocab_uncased/weights.tar.gz","2e-05","5","data/text_classification/chemprot/train.txt"
"training","tk_qummzv5f4i1f","","ex_zcc8p6992936",2,0.8014009064688916,0.5037553779669162,0.7921591236667628,0.4859693166155459,"/scibert/scibert_basevocab_uncased/weights.tar.gz","5e-05","5","data/text_classification/chemprot/train.txt"
"training","tk_67uyqbdhruhr","","ex_zm7j788v5kfw",2,0.780799340749897,0.4877239333838883,0.7910060536177573,0.4913537830415332,"/scibert/scibert_basevocab_uncased/weights.tar.gz","5e-05","3","data/text_classification/chemprot/train.txt"
"training","tk_o9qcqwvib8v1","","ex_zrt9536cuquw",2,0.7807017543859649,0.6537254491799489,0.7913669064748201,0.6628978577507499,"/scibert/scibert_basevocab_uncased/weights.tar.gz","1e-05","3","data/text_classification/citation_intent/train.txt"